2.145767211914062500e-05,8.393399999999999472e-02,3.216890000000000027e-01,1.121356999999999937e+00,-1.000920000000000004e-01,-7.119429999999999925e-01,-2.690219999999999834e-01,0.000000000000000000e+00,-2.469300391773910768e-17,-7.655794620513916016e+00,4.944791316986083984e+00,2.536329329013824463e-01,-1.436100900173187256e-01,-6.428750697523355484e-03,0.000000000000000000e+00
5.013298988342285156e-02,8.393399999999999472e-02,3.216890000000000027e-01,1.121356999999999937e+00,-1.000920000000000004e-01,-7.119429999999999925e-01,-2.690219999999999834e-01,0.000000000000000000e+00,-2.469300391773910768e-17,-7.655794620513916016e+00,4.944791316986083984e+00,2.536329329013824463e-01,-1.436100900173187256e-01,-6.428750697523355484e-03,0.000000000000000000e+00
1.005957126617431641e-01,8.393399999999999472e-02,3.216890000000000027e-01,1.121356999999999937e+00,-1.000920000000000004e-01,-7.119429999999999925e-01,-2.690219999999999834e-01,0.000000000000000000e+00,-2.469300391773910768e-17,-7.655794620513916016e+00,4.944791316986083984e+00,2.536329329013824463e-01,-1.436100900173187256e-01,-6.428750697523355484e-03,0.000000000000000000e+00
1.507084369659423828e-01,8.149000000000000687e-02,3.173739999999999895e-01,1.104865999999999904e+00,-9.725000000000000311e-02,-6.800969999999999516e-01,-2.653869999999999840e-01,0.000000000000000000e+00,-4.513936489820480347e-02,-7.230071067810058594e+00,5.531151294708251953e+00,2.519579231739044189e-01,-1.980728060007095337e-01,-1.312875095754861832e-02,0.000000000000000000e+00
2.009303569793701172e-01,8.149000000000000687e-02,3.173739999999999895e-01,1.104865999999999904e+00,-9.725000000000000311e-02,-6.800969999999999516e-01,-2.653869999999999840e-01,0.000000000000000000e+00,-4.513936489820480347e-02,-7.230071067810058594e+00,5.531151294708251953e+00,2.519579231739044189e-01,-1.980728060007095337e-01,-1.312875095754861832e-02,0.000000000000000000e+00
2.510721683502197266e-01,8.149000000000000687e-02,3.173739999999999895e-01,1.104865999999999904e+00,-9.725000000000000311e-02,-6.800969999999999516e-01,-2.653869999999999840e-01,0.000000000000000000e+00,-4.513936489820480347e-02,-7.230071067810058594e+00,5.531151294708251953e+00,2.519579231739044189e-01,-1.980728060007095337e-01,-1.312875095754861832e-02,0.000000000000000000e+00
3.012506961822509766e-01,8.149000000000000687e-02,3.173739999999999895e-01,1.104865999999999904e+00,-9.725000000000000311e-02,-6.800969999999999516e-01,-2.653869999999999840e-01,0.000000000000000000e+00,-4.513936489820480347e-02,-7.230071067810058594e+00,5.531151294708251953e+00,2.519579231739044189e-01,-1.980728060007095337e-01,-1.312875095754861832e-02,0.000000000000000000e+00
3.517274856567382812e-01,7.237200000000000577e-02,3.012739999999999863e-01,1.043328000000000033e+00,-8.664499999999999980e-02,-5.612620000000000386e-01,-2.518239999999999923e-01,0.000000000000000000e+00,5.959716439247131348e-01,-6.761362552642822266e+00,4.789319515228271484e+00,2.804329097270965576e-01,-1.458128094673156738e-01,8.646249771118164062e-03,0.000000000000000000e+00
4.018678665161132812e-01,7.237200000000000577e-02,3.012739999999999863e-01,1.043328000000000033e+00,-8.664499999999999980e-02,-5.612620000000000386e-01,-2.518239999999999923e-01,0.000000000000000000e+00,5.959716439247131348e-01,-6.761362552642822266e+00,4.789319515228271484e+00,2.804329097270965576e-01,-1.458128094673156738e-01,8.646249771118164062e-03,0.000000000000000000e+00
4.519824981689453125e-01,7.237200000000000577e-02,3.012739999999999863e-01,1.043328000000000033e+00,-8.664499999999999980e-02,-5.612620000000000386e-01,-2.518239999999999923e-01,0.000000000000000000e+00,5.959716439247131348e-01,-6.761362552642822266e+00,4.789319515228271484e+00,2.804329097270965576e-01,-1.458128094673156738e-01,8.646249771118164062e-03,0.000000000000000000e+00
5.024664402008056641e-01,7.237200000000000577e-02,3.012739999999999863e-01,1.043328000000000033e+00,-8.664499999999999980e-02,-5.612620000000000386e-01,-2.518239999999999923e-01,0.000000000000000000e+00,5.959716439247131348e-01,-6.761362552642822266e+00,4.789319515228271484e+00,2.804329097270965576e-01,-1.458128094673156738e-01,8.646249771118164062e-03,0.000000000000000000e+00
5.529377460479736328e-01,6.315999999999999392e-02,2.850090000000000123e-01,9.811619999999999786e-01,-7.593199999999999950e-02,-4.412139999999999951e-01,-2.381220000000000003e-01,0.000000000000000000e+00,6.571716666221618652e-01,-6.470662593841552734e+00,4.789319515228271484e+00,2.804329097270965576e-01,-2.221928089857101440e-01,-6.428750697523355484e-03,0.000000000000000000e+00
6.034228801727294922e-01,6.315999999999999392e-02,2.850090000000000123e-01,9.811619999999999786e-01,-7.593199999999999950e-02,-4.412139999999999951e-01,-2.381220000000000003e-01,0.000000000000000000e+00,6.571716666221618652e-01,-6.470662593841552734e+00,4.789319515228271484e+00,2.804329097270965576e-01,-2.221928089857101440e-01,-6.428750697523355484e-03,0.000000000000000000e+00
6.535546779632568359e-01,6.315999999999999392e-02,2.850090000000000123e-01,9.811619999999999786e-01,-7.593199999999999950e-02,-4.412139999999999951e-01,-2.381220000000000003e-01,0.000000000000000000e+00,6.571716666221618652e-01,-6.470662593841552734e+00,4.789319515228271484e+00,2.804329097270965576e-01,-2.221928089857101440e-01,-6.428750697523355484e-03,0.000000000000000000e+00
7.040436267852783203e-01,6.315999999999999392e-02,2.850090000000000123e-01,9.811619999999999786e-01,-7.593199999999999950e-02,-4.412139999999999951e-01,-2.381220000000000003e-01,0.000000000000000000e+00,6.571716666221618652e-01,-6.470662593841552734e+00,4.789319515228271484e+00,2.804329097270965576e-01,-2.221928089857101440e-01,-6.428750697523355484e-03,0.000000000000000000e+00
7.541630268096923828e-01,5.394800000000000290e-02,2.687439999999999829e-01,9.189950000000000063e-01,-6.521899999999999920e-02,-3.211649999999999783e-01,-2.244200000000000084e-01,0.000000000000000000e+00,6.418716311454772949e-01,-6.225862503051757812e+00,4.789319515228271484e+00,2.854579091072082520e-01,-1.980728060007095337e-01,-1.145375054329633713e-02,0.000000000000000000e+00
8.046579360961914062e-01,5.394800000000000290e-02,2.687439999999999829e-01,9.189950000000000063e-01,-6.521899999999999920e-02,-3.211649999999999783e-01,-2.244200000000000084e-01,0.000000000000000000e+00,6.418716311454772949e-01,-6.225862503051757812e+00,4.789319515228271484e+00,2.854579091072082520e-01,-1.980728060007095337e-01,-1.145375054329633713e-02,0.000000000000000000e+00
8.551654815673828125e-01,5.394800000000000290e-02,2.687439999999999829e-01,9.189950000000000063e-01,-6.521899999999999920e-02,-3.211649999999999783e-01,-2.244200000000000084e-01,0.000000000000000000e+00,6.418716311454772949e-01,-6.225862503051757812e+00,4.789319515228271484e+00,2.854579091072082520e-01,-1.980728060007095337e-01,-1.145375054329633713e-02,0.000000000000000000e+00
9.053087234497070312e-01,5.394800000000000290e-02,2.687439999999999829e-01,9.189950000000000063e-01,-6.521899999999999920e-02,-3.211649999999999783e-01,-2.244200000000000084e-01,0.000000000000000000e+00,6.418716311454772949e-01,-6.225862503051757812e+00,4.789319515228271484e+00,2.854579091072082520e-01,-1.980728060007095337e-01,-1.145375054329633713e-02,0.000000000000000000e+00
9.554467201232910156e-01,4.473699999999999899e-02,2.524790000000000090e-01,8.568289999999999518e-01,-5.450599999999999890e-02,-2.011169999999999902e-01,-2.107189999999999896e-01,0.000000000000000000e+00,3.205716609954833984e-01,-6.134062290191650391e+00,4.823227882385253906e+00,2.770829200744628906e-01,-1.056128069758415222e-01,-1.480375044047832489e-02,0.000000000000000000e+00
1.005563974380493164e+00,4.473699999999999899e-02,2.524790000000000090e-01,8.568289999999999518e-01,-5.450599999999999890e-02,-2.011169999999999902e-01,-2.107189999999999896e-01,0.000000000000000000e+00,3.205716609954833984e-01,-6.134062290191650391e+00,4.823227882385253906e+00,2.770829200744628906e-01,-1.056128069758415222e-01,-1.480375044047832489e-02,0.000000000000000000e+00
1.056044578552246094e+00,4.473699999999999899e-02,2.524790000000000090e-01,8.568289999999999518e-01,-5.450599999999999890e-02,-2.011169999999999902e-01,-2.107189999999999896e-01,0.000000000000000000e+00,3.205716609954833984e-01,-6.134062290191650391e+00,4.823227882385253906e+00,2.770829200744628906e-01,-1.056128069758415222e-01,-1.480375044047832489e-02,0.000000000000000000e+00
1.106181621551513672e+00,4.473699999999999899e-02,2.524790000000000090e-01,8.568289999999999518e-01,-5.450599999999999890e-02,-2.011169999999999902e-01,-2.107189999999999896e-01,0.000000000000000000e+00,3.205716609954833984e-01,-6.134062290191650391e+00,4.823227882385253906e+00,2.770829200744628906e-01,-1.056128069758415222e-01,-1.480375044047832489e-02,0.000000000000000000e+00
1.156667947769165039e+00,3.552500000000000102e-02,2.362130000000000063e-01,7.946630000000000082e-01,-4.379299999999999859e-02,-8.106900000000000217e-02,-1.970169999999999977e-01,0.000000000000000000e+00,9.325716495513916016e-01,-5.583262443542480469e+00,4.636732578277587891e+00,2.536329329013824463e-01,-1.096328049898147583e-01,-3.490374982357025146e-02,0.000000000000000000e+00
1.206815242767333984e+00,3.552500000000000102e-02,2.362130000000000063e-01,7.946630000000000082e-01,-4.379299999999999859e-02,-8.106900000000000217e-02,-1.970169999999999977e-01,0.000000000000000000e+00,9.325716495513916016e-01,-5.583262443542480469e+00,4.636732578277587891e+00,2.536329329013824463e-01,-1.096328049898147583e-01,-3.490374982357025146e-02,0.000000000000000000e+00
1.257321119308471680e+00,3.552500000000000102e-02,2.362130000000000063e-01,7.946630000000000082e-01,-4.379299999999999859e-02,-8.106900000000000217e-02,-1.970169999999999977e-01,0.000000000000000000e+00,9.325716495513916016e-01,-5.583262443542480469e+00,4.636732578277587891e+00,2.536329329013824463e-01,-1.096328049898147583e-01,-3.490374982357025146e-02,0.000000000000000000e+00
1.307828187942504883e+00,3.552500000000000102e-02,2.362130000000000063e-01,7.946630000000000082e-01,-4.379299999999999859e-02,-8.106900000000000217e-02,-1.970169999999999977e-01,0.000000000000000000e+00,9.325716495513916016e-01,-5.583262443542480469e+00,4.636732578277587891e+00,2.536329329013824463e-01,-1.096328049898147583e-01,-3.490374982357025146e-02,0.000000000000000000e+00
1.357955932617187500e+00,2.631299999999999958e-02,2.199480000000000046e-01,7.324969999999999537e-01,-3.307999999999999829e-02,3.898000000000000076e-02,-1.833150000000000057e-01,0.000000000000000000e+00,3.970716595649719238e-01,-5.384362220764160156e+00,4.416328907012939453e+00,2.452579289674758911e-01,-1.659128069877624512e-01,-3.490374982357025146e-02,0.000000000000000000e+00
1.408432245254516602e+00,2.631299999999999958e-02,2.199480000000000046e-01,7.324969999999999537e-01,-3.307999999999999829e-02,3.898000000000000076e-02,-1.833150000000000057e-01,0.000000000000000000e+00,3.970716595649719238e-01,-5.384362220764160156e+00,4.416328907012939453e+00,2.452579289674758911e-01,-1.659128069877624512e-01,-3.490374982357025146e-02,0.000000000000000000e+00
1.458910465240478516e+00,2.631299999999999958e-02,2.199480000000000046e-01,7.324969999999999537e-01,-3.307999999999999829e-02,3.898000000000000076e-02,-1.833150000000000057e-01,0.000000000000000000e+00,3.970716595649719238e-01,-5.384362220764160156e+00,4.416328907012939453e+00,2.452579289674758911e-01,-1.659128069877624512e-01,-3.490374982357025146e-02,0.000000000000000000e+00
1.509060144424438477e+00,2.631299999999999958e-02,2.199480000000000046e-01,7.324969999999999537e-01,-3.307999999999999829e-02,3.898000000000000076e-02,-1.833150000000000057e-01,0.000000000000000000e+00,3.970716595649719238e-01,-5.384362220764160156e+00,4.416328907012939453e+00,2.452579289674758911e-01,-1.659128069877624512e-01,-3.490374982357025146e-02,0.000000000000000000e+00
1.559303998947143555e+00,1.710100000000000162e-02,2.036830000000000029e-01,6.703310000000000102e-01,-2.236700000000000146e-02,1.590280000000000027e-01,-1.696130000000000138e-01,0.000000000000000000e+00,5.959716439247131348e-01,-5.124262332916259766e+00,4.331558227539062500e+00,2.335329204797744751e-01,-8.953280746936798096e-02,-1.982874982059001923e-02,0.000000000000000000e+00
1.609452724456787109e+00,1.710100000000000162e-02,2.036830000000000029e-01,6.703310000000000102e-01,-2.236700000000000146e-02,1.590280000000000027e-01,-1.696130000000000138e-01,0.000000000000000000e+00,5.959716439247131348e-01,-5.124262332916259766e+00,4.331558227539062500e+00,2.335329204797744751e-01,-8.953280746936798096e-02,-1.982874982059001923e-02,0.000000000000000000e+00
1.659625053405761719e+00,1.710100000000000162e-02,2.036830000000000029e-01,6.703310000000000102e-01,-2.236700000000000146e-02,1.590280000000000027e-01,-1.696130000000000138e-01,0.000000000000000000e+00,5.959716439247131348e-01,-5.124262332916259766e+00,4.331558227539062500e+00,2.335329204797744751e-01,-8.953280746936798096e-02,-1.982874982059001923e-02,0.000000000000000000e+00
1.709786415100097656e+00,1.710100000000000162e-02,2.036830000000000029e-01,6.703310000000000102e-01,-2.236700000000000146e-02,1.590280000000000027e-01,-1.696130000000000138e-01,0.000000000000000000e+00,5.959716439247131348e-01,-5.124262332916259766e+00,4.331558227539062500e+00,2.335329204797744751e-01,-8.953280746936798096e-02,-1.982874982059001923e-02,0.000000000000000000e+00
1.759929656982421875e+00,7.889999999999999444e-03,1.874180000000000013e-01,6.081649999999999556e-01,-1.165399999999999943e-02,2.790759999999999907e-01,-1.559109999999999940e-01,0.000000000000000000e+00,4.735716581344604492e-01,-5.323162555694580078e+00,4.145062923431396484e+00,1.916579157114028931e-01,-9.132804349064826965e-03,-2.317875064909458160e-02,0.000000000000000000e+00
1.810062885284423828e+00,7.889999999999999444e-03,1.874180000000000013e-01,6.081649999999999556e-01,-1.165399999999999943e-02,2.790759999999999907e-01,-1.559109999999999940e-01,0.000000000000000000e+00,4.735716581344604492e-01,-5.323162555694580078e+00,4.145062923431396484e+00,1.916579157114028931e-01,-9.132804349064826965e-03,-2.317875064909458160e-02,0.000000000000000000e+00
1.860201597213745117e+00,7.889999999999999444e-03,1.874180000000000013e-01,6.081649999999999556e-01,-1.165399999999999943e-02,2.790759999999999907e-01,-1.559109999999999940e-01,0.000000000000000000e+00,4.735716581344604492e-01,-5.323162555694580078e+00,4.145062923431396484e+00,1.916579157114028931e-01,-9.132804349064826965e-03,-2.317875064909458160e-02,0.000000000000000000e+00
1.910338878631591797e+00,7.889999999999999444e-03,1.874180000000000013e-01,6.081649999999999556e-01,-1.165399999999999943e-02,2.790759999999999907e-01,-1.559109999999999940e-01,0.000000000000000000e+00,4.735716581344604492e-01,-5.323162555694580078e+00,4.145062923431396484e+00,1.916579157114028931e-01,-9.132804349064826965e-03,-2.317875064909458160e-02,0.000000000000000000e+00
1.960472106933593750e+00,3.420000000000000188e-04,1.740919999999999968e-01,5.572300000000000031e-01,-2.876999999999999783e-03,3.774350000000000205e-01,-1.446850000000000080e-01,0.000000000000000000e+00,1.034851074218750000e+00,-4.438616275787353516e+00,4.116756439208984375e+00,1.782579272985458374e-01,-4.531280323863029480e-02,-1.982874982059001923e-02,0.000000000000000000e+00
2.010618686676025391e+00,3.420000000000000188e-04,1.740919999999999968e-01,5.572300000000000031e-01,-2.876999999999999783e-03,3.774350000000000205e-01,-1.446850000000000080e-01,0.000000000000000000e+00,1.034851074218750000e+00,-4.438616275787353516e+00,4.116756439208984375e+00,1.782579272985458374e-01,-4.531280323863029480e-02,-1.982874982059001923e-02,0.000000000000000000e+00
2.060768365859985352e+00,3.420000000000000188e-04,1.740919999999999968e-01,5.572300000000000031e-01,-2.876999999999999783e-03,3.774350000000000205e-01,-1.446850000000000080e-01,0.000000000000000000e+00,1.034851074218750000e+00,-4.438616275787353516e+00,4.116756439208984375e+00,1.782579272985458374e-01,-4.531280323863029480e-02,-1.982874982059001923e-02,0.000000000000000000e+00
2.110920190811157227e+00,3.420000000000000188e-04,1.740919999999999968e-01,5.572300000000000031e-01,-2.876999999999999783e-03,3.774350000000000205e-01,-1.446850000000000080e-01,0.000000000000000000e+00,1.034851074218750000e+00,-4.438616275787353516e+00,4.116756439208984375e+00,1.782579272985458374e-01,-4.531280323863029480e-02,-1.982874982059001923e-02,0.000000000000000000e+00
2.161082744598388672e+00,1.200000000000000030e-05,1.735089999999999966e-01,5.550019999999999953e-01,-2.492999999999999990e-03,3.817380000000000217e-01,-1.445780000000000121e-01,0.000000000000000000e+00,9.394036892702140939e-19,-5.424053668975830078e+00,2.729614019393920898e+00,1.631829291582107544e-01,3.919600858353078365e-04,-2.317875064909458160e-02,0.000000000000000000e+00
2.211227893829345703e+00,1.200000000000000030e-05,1.735089999999999966e-01,5.550019999999999953e-01,-2.492999999999999990e-03,3.817380000000000217e-01,-1.445780000000000121e-01,0.000000000000000000e+00,9.394036892702140939e-19,-5.424053668975830078e+00,2.729614019393920898e+00,1.631829291582107544e-01,3.919600858353078365e-04,-2.317875064909458160e-02,0.000000000000000000e+00
2.261368274688720703e+00,1.200000000000000030e-05,1.735089999999999966e-01,5.550019999999999953e-01,-2.492999999999999990e-03,3.817380000000000217e-01,-1.445780000000000121e-01,0.000000000000000000e+00,9.394036892702140939e-19,-5.424053668975830078e+00,2.729614019393920898e+00,1.631829291582107544e-01,3.919600858353078365e-04,-2.317875064909458160e-02,0.000000000000000000e+00
2.311528444290161133e+00,1.200000000000000030e-05,1.735089999999999966e-01,5.550019999999999953e-01,-2.492999999999999990e-03,3.817380000000000217e-01,-1.445780000000000121e-01,0.000000000000000000e+00,9.394036892702140939e-19,-5.424053668975830078e+00,2.729614019393920898e+00,1.631829291582107544e-01,3.919600858353078365e-04,-2.317875064909458160e-02,0.000000000000000000e+00
2.361658334732055664e+00,1.200000000000000030e-05,1.735089999999999966e-01,5.550019999999999953e-01,-4.544399999999999828e-02,3.817380000000000217e-01,-8.858699999999999908e-02,0.000000000000000000e+00,-1.288107037544250488e-02,-5.388950347900390625e+00,3.985561847686767578e+00,8.780792355537414551e-02,1.025082819978706539e-04,1.946249511092901230e-03,0.000000000000000000e+00
2.412162303924560547e+00,1.200000000000000030e-05,1.735089999999999966e-01,5.550019999999999953e-01,-4.544399999999999828e-02,3.817380000000000217e-01,-8.858699999999999908e-02,0.000000000000000000e+00,-1.288107037544250488e-02,-5.388950347900390625e+00,3.985561847686767578e+00,8.780792355537414551e-02,1.025082819978706539e-04,1.946249511092901230e-03,0.000000000000000000e+00
2.462665319442749023e+00,1.200000000000000030e-05,1.735089999999999966e-01,5.550019999999999953e-01,-4.544399999999999828e-02,3.817380000000000217e-01,-8.858699999999999908e-02,0.000000000000000000e+00,-1.288107037544250488e-02,-5.388950347900390625e+00,3.985561847686767578e+00,8.780792355537414551e-02,1.025082819978706539e-04,1.946249511092901230e-03,0.000000000000000000e+00
2.513156890869140625e+00,1.200000000000000030e-05,1.735089999999999966e-01,5.550019999999999953e-01,-4.544399999999999828e-02,3.817380000000000217e-01,-8.858699999999999908e-02,0.000000000000000000e+00,-1.288107037544250488e-02,-5.388950347900390625e+00,3.985561847686767578e+00,8.780792355537414551e-02,1.025082819978706539e-04,1.946249511092901230e-03,0.000000000000000000e+00
2.563655614852905273e+00,6.000000000000000152e-06,1.735089999999999966e-01,5.550079999999999458e-01,-7.018000000000000627e-02,3.794210000000000083e-01,-6.596100000000000574e-02,0.000000000000000000e+00,1.297635142691433430e-03,-5.418871402740478516e+00,3.863788604736328125e+00,9.283292293548583984e-02,5.521071143448352814e-04,2.539625018835067749e-02,0.000000000000000000e+00
2.613804817199707031e+00,6.000000000000000152e-06,1.735089999999999966e-01,5.550079999999999458e-01,-7.018000000000000627e-02,3.794210000000000083e-01,-6.596100000000000574e-02,0.000000000000000000e+00,1.297635142691433430e-03,-5.418871402740478516e+00,3.863788604736328125e+00,9.283292293548583984e-02,5.521071143448352814e-04,2.539625018835067749e-02,0.000000000000000000e+00
2.664270877838134766e+00,6.000000000000000152e-06,1.735089999999999966e-01,5.550079999999999458e-01,-7.018000000000000627e-02,3.794210000000000083e-01,-6.596100000000000574e-02,0.000000000000000000e+00,1.297635142691433430e-03,-5.418871402740478516e+00,3.863788604736328125e+00,9.283292293548583984e-02,5.521071143448352814e-04,2.539625018835067749e-02,0.000000000000000000e+00
2.714417934417724609e+00,6.000000000000000152e-06,1.735089999999999966e-01,5.550079999999999458e-01,-7.018000000000000627e-02,3.794210000000000083e-01,-6.596100000000000574e-02,0.000000000000000000e+00,1.297635142691433430e-03,-5.418871402740478516e+00,3.863788604736328125e+00,9.283292293548583984e-02,5.521071143448352814e-04,2.539625018835067749e-02,0.000000000000000000e+00
2.764556646347045898e+00,6.000000000000000152e-06,1.735089999999999966e-01,5.550119999999999498e-01,-9.760000000000000620e-02,3.692739999999999911e-01,-5.618200000000000277e-02,0.000000000000000000e+00,-5.536309443414211273e-03,-5.377425670623779297e+00,3.839495182037353516e+00,9.115792065858840942e-02,1.937367580831050873e-02,2.037124894559383392e-02,0.000000000000000000e+00
2.814733266830444336e+00,6.000000000000000152e-06,1.735089999999999966e-01,5.550119999999999498e-01,-9.760000000000000620e-02,3.692739999999999911e-01,-5.618200000000000277e-02,0.000000000000000000e+00,-5.536309443414211273e-03,-5.377425670623779297e+00,3.839495182037353516e+00,9.115792065858840942e-02,1.937367580831050873e-02,2.037124894559383392e-02,0.000000000000000000e+00
2.864897251129150391e+00,6.000000000000000152e-06,1.735089999999999966e-01,5.550119999999999498e-01,-9.760000000000000620e-02,3.692739999999999911e-01,-5.618200000000000277e-02,0.000000000000000000e+00,-5.536309443414211273e-03,-5.377425670623779297e+00,3.839495182037353516e+00,9.115792065858840942e-02,1.937367580831050873e-02,2.037124894559383392e-02,0.000000000000000000e+00
2.915029764175415039e+00,6.000000000000000152e-06,1.735089999999999966e-01,5.550119999999999498e-01,-9.760000000000000620e-02,3.692739999999999911e-01,-5.618200000000000277e-02,0.000000000000000000e+00,-5.536309443414211273e-03,-5.377425670623779297e+00,3.839495182037353516e+00,9.115792065858840942e-02,1.937367580831050873e-02,2.037124894559383392e-02,0.000000000000000000e+00
2.965214729309082031e+00,6.000000000000000152e-06,1.735089999999999966e-01,5.550119999999999498e-01,-1.085290000000000005e-01,3.308450000000000002e-01,-5.618200000000000277e-02,0.000000000000000000e+00,2.039367536781355739e-04,-5.395739078521728516e+00,3.915647506713867188e+00,7.943291962146759033e-02,-4.511180520057678223e-02,1.367124915122985840e-02,0.000000000000000000e+00
3.015696763992309570e+00,6.000000000000000152e-06,1.735089999999999966e-01,5.550119999999999498e-01,-1.085290000000000005e-01,3.308450000000000002e-01,-5.618200000000000277e-02,0.000000000000000000e+00,2.039367536781355739e-04,-5.395739078521728516e+00,3.915647506713867188e+00,7.943291962146759033e-02,-4.511180520057678223e-02,1.367124915122985840e-02,0.000000000000000000e+00
3.066193342208862305e+00,6.000000000000000152e-06,1.735089999999999966e-01,5.550119999999999498e-01,-1.085290000000000005e-01,3.308450000000000002e-01,-5.618200000000000277e-02,0.000000000000000000e+00,2.039367536781355739e-04,-5.395739078521728516e+00,3.915647506713867188e+00,7.943291962146759033e-02,-4.511180520057678223e-02,1.367124915122985840e-02,0.000000000000000000e+00
3.116700887680053711e+00,6.000000000000000152e-06,1.735089999999999966e-01,5.550119999999999498e-01,-1.085290000000000005e-01,3.308450000000000002e-01,-5.618200000000000277e-02,0.000000000000000000e+00,2.039367536781355739e-04,-5.395739078521728516e+00,3.915647506713867188e+00,7.943291962146759033e-02,-4.511180520057678223e-02,1.367124915122985840e-02,0.000000000000000000e+00
3.167191028594970703e+00,6.000000000000000152e-06,1.735089999999999966e-01,5.550119999999999498e-01,-1.181169999999999998e-01,3.020820000000000172e-01,-5.637400000000000050e-02,0.000000000000000000e+00,-2.151839062571525574e-02,-5.360325813293457031e+00,4.046529769897460938e+00,7.273292541503906250e-02,-3.226928114891052246e-01,1.367124915122985840e-02,0.000000000000000000e+00
3.217357158660888672e+00,6.000000000000000152e-06,1.735089999999999966e-01,5.550119999999999498e-01,-1.181169999999999998e-01,3.020820000000000172e-01,-5.637400000000000050e-02,0.000000000000000000e+00,-2.151839062571525574e-02,-5.360325813293457031e+00,4.046529769897460938e+00,7.273292541503906250e-02,-3.226928114891052246e-01,1.367124915122985840e-02,0.000000000000000000e+00
3.267505645751953125e+00,6.000000000000000152e-06,1.735089999999999966e-01,5.550119999999999498e-01,-1.181169999999999998e-01,3.020820000000000172e-01,-5.637400000000000050e-02,0.000000000000000000e+00,-2.151839062571525574e-02,-5.360325813293457031e+00,4.046529769897460938e+00,7.273292541503906250e-02,-3.226928114891052246e-01,1.367124915122985840e-02,0.000000000000000000e+00
3.317666769027709961e+00,6.000000000000000152e-06,1.735089999999999966e-01,5.550119999999999498e-01,-1.181169999999999998e-01,3.020820000000000172e-01,-5.637400000000000050e-02,0.000000000000000000e+00,-2.151839062571525574e-02,-5.360325813293457031e+00,4.046529769897460938e+00,7.273292541503906250e-02,-3.226928114891052246e-01,1.367124915122985840e-02,0.000000000000000000e+00
3.367818593978881836e+00,6.000000000000000152e-06,1.735089999999999966e-01,5.550119999999999498e-01,-1.140899999999999970e-01,3.119089999999999918e-01,-5.062099999999999933e-02,0.000000000000000000e+00,2.099061748594976962e-05,-5.395962238311767578e+00,3.915835380554199219e+00,7.608292251825332642e-02,-9.757280349731445312e-02,1.199624966830015182e-02,0.000000000000000000e+00
3.417972564697265625e+00,6.000000000000000152e-06,1.735089999999999966e-01,5.550119999999999498e-01,-1.140899999999999970e-01,3.119089999999999918e-01,-5.062099999999999933e-02,0.000000000000000000e+00,2.099061748594976962e-05,-5.395962238311767578e+00,3.915835380554199219e+00,7.608292251825332642e-02,-9.757280349731445312e-02,1.199624966830015182e-02,0.000000000000000000e+00
3.468120813369750977e+00,6.000000000000000152e-06,1.735089999999999966e-01,5.550119999999999498e-01,-1.140899999999999970e-01,3.119089999999999918e-01,-5.062099999999999933e-02,0.000000000000000000e+00,2.099061748594976962e-05,-5.395962238311767578e+00,3.915835380554199219e+00,7.608292251825332642e-02,-9.757280349731445312e-02,1.199624966830015182e-02,0.000000000000000000e+00
3.518265247344970703e+00,6.000000000000000152e-06,1.735089999999999966e-01,5.550119999999999498e-01,-1.140899999999999970e-01,3.119089999999999918e-01,-5.062099999999999933e-02,0.000000000000000000e+00,2.099061748594976962e-05,-5.395962238311767578e+00,3.915835380554199219e+00,7.608292251825332642e-02,-9.757280349731445312e-02,1.199624966830015182e-02,0.000000000000000000e+00
3.568417549133300781e+00,6.000000000000000152e-06,1.735089999999999966e-01,5.550119999999999498e-01,-1.277040000000000119e-01,3.151050000000000240e-01,-4.947100000000000108e-02,0.000000000000000000e+00,-3.450197109486907721e-04,-5.390838146209716797e+00,3.910650968551635742e+00,5.765792354941368103e-02,1.371011883020401001e-01,1.534624956548213959e-02,0.000000000000000000e+00
3.618907690048217773e+00,6.000000000000000152e-06,1.735089999999999966e-01,5.550119999999999498e-01,-1.277040000000000119e-01,3.151050000000000240e-01,-4.947100000000000108e-02,0.000000000000000000e+00,-3.450197109486907721e-04,-5.390838146209716797e+00,3.910650968551635742e+00,5.765792354941368103e-02,1.371011883020401001e-01,1.534624956548213959e-02,0.000000000000000000e+00
3.669073104858398438e+00,6.000000000000000152e-06,1.735089999999999966e-01,5.550119999999999498e-01,-1.277040000000000119e-01,3.151050000000000240e-01,-4.947100000000000108e-02,0.000000000000000000e+00,-3.450197109486907721e-04,-5.390838146209716797e+00,3.910650968551635742e+00,5.765792354941368103e-02,1.371011883020401001e-01,1.534624956548213959e-02,0.000000000000000000e+00
3.719223022460937500e+00,6.000000000000000152e-06,1.735089999999999966e-01,5.550119999999999498e-01,-1.277040000000000119e-01,3.151050000000000240e-01,-4.947100000000000108e-02,0.000000000000000000e+00,-3.450197109486907721e-04,-5.390838146209716797e+00,3.910650968551635742e+00,5.765792354941368103e-02,1.371011883020401001e-01,1.534624956548213959e-02,0.000000000000000000e+00
3.769371271133422852e+00,6.000000000000000152e-06,1.735089999999999966e-01,5.550119999999999498e-01,-1.363330000000000097e-01,3.162240000000000051e-01,-5.062099999999999933e-02,0.000000000000000000e+00,2.024549758061766624e-03,-5.392488956451416016e+00,3.926368474960327148e+00,6.770791858434677124e-02,-1.401602197438478470e-02,1.032124925404787064e-02,0.000000000000000000e+00
3.819520235061645508e+00,6.000000000000000152e-06,1.735089999999999966e-01,5.550119999999999498e-01,-1.363330000000000097e-01,3.162240000000000051e-01,-5.062099999999999933e-02,0.000000000000000000e+00,2.024549758061766624e-03,-5.392488956451416016e+00,3.926368474960327148e+00,6.770791858434677124e-02,-1.401602197438478470e-02,1.032124925404787064e-02,0.000000000000000000e+00
3.869663953781127930e+00,6.000000000000000152e-06,1.735089999999999966e-01,5.550119999999999498e-01,-1.363330000000000097e-01,3.162240000000000051e-01,-5.062099999999999933e-02,0.000000000000000000e+00,2.024549758061766624e-03,-5.392488956451416016e+00,3.926368474960327148e+00,6.770791858434677124e-02,-1.401602197438478470e-02,1.032124925404787064e-02,0.000000000000000000e+00
3.919807434082031250e+00,6.000000000000000152e-06,1.735089999999999966e-01,5.550119999999999498e-01,-1.363330000000000097e-01,3.162240000000000051e-01,-5.062099999999999933e-02,0.000000000000000000e+00,2.024549758061766624e-03,-5.392488956451416016e+00,3.926368474960327148e+00,6.770791858434677124e-02,-1.401602197438478470e-02,1.032124925404787064e-02,0.000000000000000000e+00
3.969946861267089844e+00,6.000000000000000152e-06,1.734219999999999928e-01,5.550500000000000433e-01,-1.131309999999999955e-01,3.392330000000000068e-01,-5.483999999999999986e-02,0.000000000000000000e+00,-2.425309456884860992e-02,-5.365979194641113281e+00,4.022872447967529297e+00,1.246579214930534363e-01,1.096719596534967422e-02,-1.403750502504408360e-03,0.000000000000000000e+00
4.020076036453247070e+00,6.000000000000000152e-06,1.734219999999999928e-01,5.550500000000000433e-01,-1.131309999999999955e-01,3.392330000000000068e-01,-5.483999999999999986e-02,0.000000000000000000e+00,-2.425309456884860992e-02,-5.365979194641113281e+00,4.022872447967529297e+00,1.246579214930534363e-01,1.096719596534967422e-02,-1.403750502504408360e-03,0.000000000000000000e+00
4.070195913314819336e+00,6.000000000000000152e-06,1.734219999999999928e-01,5.550500000000000433e-01,-1.131309999999999955e-01,3.392330000000000068e-01,-5.483999999999999986e-02,0.000000000000000000e+00,-2.425309456884860992e-02,-5.365979194641113281e+00,4.022872447967529297e+00,1.246579214930534363e-01,1.096719596534967422e-02,-1.403750502504408360e-03,0.000000000000000000e+00
4.120328664779663086e+00,6.000000000000000152e-06,1.734219999999999928e-01,5.550500000000000433e-01,-1.131309999999999955e-01,3.392330000000000068e-01,-5.483999999999999986e-02,0.000000000000000000e+00,-2.425309456884860992e-02,-5.365979194641113281e+00,4.022872447967529297e+00,1.246579214930534363e-01,1.096719596534967422e-02,-1.403750502504408360e-03,0.000000000000000000e+00
4.170503377914428711e+00,6.000000000000000152e-06,1.612119999999999942e-01,5.690669999999999895e-01,-9.990000000000000269e-02,3.963579999999999881e-01,-5.867499999999999799e-02,0.000000000000000000e+00,2.384190112352371216e-01,-4.119064807891845703e+00,3.352443695068359375e+00,1.564829200506210327e-01,1.009211987257003784e-01,-3.078750567510724068e-03,0.000000000000000000e+00
4.220645904541015625e+00,6.000000000000000152e-06,1.612119999999999942e-01,5.690669999999999895e-01,-9.990000000000000269e-02,3.963579999999999881e-01,-5.867499999999999799e-02,0.000000000000000000e+00,2.384190112352371216e-01,-4.119064807891845703e+00,3.352443695068359375e+00,1.564829200506210327e-01,1.009211987257003784e-01,-3.078750567510724068e-03,0.000000000000000000e+00
4.271150588989257812e+00,6.000000000000000152e-06,1.612119999999999942e-01,5.690669999999999895e-01,-9.990000000000000269e-02,3.963579999999999881e-01,-5.867499999999999799e-02,0.000000000000000000e+00,2.384190112352371216e-01,-4.119064807891845703e+00,3.352443695068359375e+00,1.564829200506210327e-01,1.009211987257003784e-01,-3.078750567510724068e-03,0.000000000000000000e+00
4.321311712265014648e+00,6.000000000000000152e-06,1.612119999999999942e-01,5.690669999999999895e-01,-9.990000000000000269e-02,3.963579999999999881e-01,-5.867499999999999799e-02,0.000000000000000000e+00,2.384190112352371216e-01,-4.119064807891845703e+00,3.352443695068359375e+00,1.564829200506210327e-01,1.009211987257003784e-01,-3.078750567510724068e-03,0.000000000000000000e+00
4.371813297271728516e+00,6.000000000000000152e-06,1.005469999999999975e-01,6.288190000000000168e-01,-9.587400000000000089e-02,3.965179999999999816e-01,-5.867499999999999799e-02,0.000000000000000000e+00,-6.555212140083312988e-01,-4.456313133239746094e+00,4.010541439056396484e+00,1.916579157114028931e-01,9.129910729825496674e-03,-1.403750502504408360e-03,0.000000000000000000e+00
4.421962499618530273e+00,6.000000000000000152e-06,1.005469999999999975e-01,6.288190000000000168e-01,-9.587400000000000089e-02,3.965179999999999816e-01,-5.867499999999999799e-02,0.000000000000000000e+00,-6.555212140083312988e-01,-4.456313133239746094e+00,4.010541439056396484e+00,1.916579157114028931e-01,9.129910729825496674e-03,-1.403750502504408360e-03,0.000000000000000000e+00
4.472113370895385742e+00,6.000000000000000152e-06,1.005469999999999975e-01,6.288190000000000168e-01,-9.587400000000000089e-02,3.965179999999999816e-01,-5.867499999999999799e-02,0.000000000000000000e+00,-6.555212140083312988e-01,-4.456313133239746094e+00,4.010541439056396484e+00,1.916579157114028931e-01,9.129910729825496674e-03,-1.403750502504408360e-03,0.000000000000000000e+00
4.522612094879150391e+00,6.000000000000000152e-06,1.005469999999999975e-01,6.288190000000000168e-01,-9.587400000000000089e-02,3.965179999999999816e-01,-5.867499999999999799e-02,0.000000000000000000e+00,-6.555212140083312988e-01,-4.456313133239746094e+00,4.010541439056396484e+00,1.916579157114028931e-01,9.129910729825496674e-03,-1.403750502504408360e-03,0.000000000000000000e+00
4.573115348815917969e+00,6.000000000000000152e-06,-1.890400000000000066e-02,6.843129999999999491e-01,-9.549000000000000543e-02,3.983559999999999879e-01,-5.905799999999999939e-02,0.000000000000000000e+00,2.423311769962310791e-02,-3.456106424331665039e+00,4.501231670379638672e+00,2.100829184055328369e-01,8.484119921922683716e-02,-3.078750567510724068e-03,0.000000000000000000e+00
4.623303890228271484e+00,6.000000000000000152e-06,-1.890400000000000066e-02,6.843129999999999491e-01,-9.549000000000000543e-02,3.983559999999999879e-01,-5.905799999999999939e-02,0.000000000000000000e+00,2.423311769962310791e-02,-3.456106424331665039e+00,4.501231670379638672e+00,2.100829184055328369e-01,8.484119921922683716e-02,-3.078750567510724068e-03,0.000000000000000000e+00
4.673449754714965820e+00,6.000000000000000152e-06,-1.890400000000000066e-02,6.843129999999999491e-01,-9.549000000000000543e-02,3.983559999999999879e-01,-5.905799999999999939e-02,0.000000000000000000e+00,2.423311769962310791e-02,-3.456106424331665039e+00,4.501231670379638672e+00,2.100829184055328369e-01,8.484119921922683716e-02,-3.078750567510724068e-03,0.000000000000000000e+00
4.723585128784179688e+00,6.000000000000000152e-06,-1.890400000000000066e-02,6.843129999999999491e-01,-9.549000000000000543e-02,3.983559999999999879e-01,-5.905799999999999939e-02,0.000000000000000000e+00,2.423311769962310791e-02,-3.456106424331665039e+00,4.501231670379638672e+00,2.100829184055328369e-01,8.484119921922683716e-02,-3.078750567510724068e-03,0.000000000000000000e+00
4.773720502853393555e+00,6.000000000000000152e-06,-1.469419999999999893e-01,6.917750000000000288e-01,-1.012429999999999997e-01,3.986750000000000016e-01,-6.020899999999999863e-02,0.000000000000000000e+00,2.109031658619642258e-03,-2.134921550750732422e+00,7.629356384277343750e+00,2.402329146862030029e-01,-5.932863801717758179e-02,5.296249408274888992e-03,0.000000000000000000e+00
4.824210405349731445e+00,6.000000000000000152e-06,-1.469419999999999893e-01,6.917750000000000288e-01,-1.012429999999999997e-01,3.986750000000000016e-01,-6.020899999999999863e-02,0.000000000000000000e+00,2.109031658619642258e-03,-2.134921550750732422e+00,7.629356384277343750e+00,2.402329146862030029e-01,-5.932863801717758179e-02,5.296249408274888992e-03,0.000000000000000000e+00
4.874705791473388672e+00,6.000000000000000152e-06,-1.469419999999999893e-01,6.917750000000000288e-01,-1.012429999999999997e-01,3.986750000000000016e-01,-6.020899999999999863e-02,0.000000000000000000e+00,2.109031658619642258e-03,-2.134921550750732422e+00,7.629356384277343750e+00,2.402329146862030029e-01,-5.932863801717758179e-02,5.296249408274888992e-03,0.000000000000000000e+00
4.925211429595947266e+00,6.000000000000000152e-06,-1.469419999999999893e-01,6.917750000000000288e-01,-1.012429999999999997e-01,3.986750000000000016e-01,-6.020899999999999863e-02,0.000000000000000000e+00,2.109031658619642258e-03,-2.134921550750732422e+00,7.629356384277343750e+00,2.402329146862030029e-01,-5.932863801717758179e-02,5.296249408274888992e-03,0.000000000000000000e+00
4.975702524185180664e+00,3.999999999999999819e-06,-2.620330000000000159e-01,6.917830000000000368e-01,-8.206800000000000206e-02,3.986750000000000016e-01,-6.365999999999999437e-02,0.000000000000000000e+00,2.959930337965488434e-03,-1.777701973915100098e+00,5.050519466400146484e+00,3.524579107761383057e-01,-7.499786466360092163e-02,3.621249459683895111e-03,0.000000000000000000e+00
5.025861501693725586e+00,3.999999999999999819e-06,-2.620330000000000159e-01,6.917830000000000368e-01,-8.206800000000000206e-02,3.986750000000000016e-01,-6.365999999999999437e-02,0.000000000000000000e+00,2.959930337965488434e-03,-1.777701973915100098e+00,5.050519466400146484e+00,3.524579107761383057e-01,-7.499786466360092163e-02,3.621249459683895111e-03,0.000000000000000000e+00
5.076022863388061523e+00,3.999999999999999819e-06,-2.620330000000000159e-01,6.917830000000000368e-01,-8.206800000000000206e-02,3.986750000000000016e-01,-6.365999999999999437e-02,0.000000000000000000e+00,2.959930337965488434e-03,-1.777701973915100098e+00,5.050519466400146484e+00,3.524579107761383057e-01,-7.499786466360092163e-02,3.621249459683895111e-03,0.000000000000000000e+00
5.126167535781860352e+00,3.999999999999999819e-06,-2.620330000000000159e-01,6.917830000000000368e-01,-8.206800000000000206e-02,3.986750000000000016e-01,-6.365999999999999437e-02,0.000000000000000000e+00,2.959930337965488434e-03,-1.777701973915100098e+00,5.050519466400146484e+00,3.524579107761383057e-01,-7.499786466360092163e-02,3.621249459683895111e-03,0.000000000000000000e+00
5.176315069198608398e+00,-6.059999999999999849e-04,-3.292309999999999959e-01,6.917929999999999913e-01,9.587000000000000036e-03,3.986750000000000016e-01,-8.168400000000000660e-02,0.000000000000000000e+00,-4.680410027503967285e-02,-1.530564188957214355e+00,4.944698810577392578e+00,3.893079161643981934e-01,-8.241777122020721436e-02,-2.317875064909458160e-02,0.000000000000000000e+00
5.226485967636108398e+00,-6.059999999999999849e-04,-3.292309999999999959e-01,6.917929999999999913e-01,9.587000000000000036e-03,3.986750000000000016e-01,-8.168400000000000660e-02,0.000000000000000000e+00,-4.680410027503967285e-02,-1.530564188957214355e+00,4.944698810577392578e+00,3.893079161643981934e-01,-8.241777122020721436e-02,-2.317875064909458160e-02,0.000000000000000000e+00
5.276917219161987305e+00,-6.059999999999999849e-04,-3.292309999999999959e-01,6.917929999999999913e-01,9.587000000000000036e-03,3.986750000000000016e-01,-8.168400000000000660e-02,0.000000000000000000e+00,-4.680410027503967285e-02,-1.530564188957214355e+00,4.944698810577392578e+00,3.893079161643981934e-01,-8.241777122020721436e-02,-2.317875064909458160e-02,0.000000000000000000e+00
5.327077865600585938e+00,-6.059999999999999849e-04,-3.292309999999999959e-01,6.917929999999999913e-01,9.587000000000000036e-03,3.986750000000000016e-01,-8.168400000000000660e-02,0.000000000000000000e+00,-4.680410027503967285e-02,-1.530564188957214355e+00,4.944698810577392578e+00,3.893079161643981934e-01,-8.241777122020721436e-02,-2.317875064909458160e-02,0.000000000000000000e+00
5.377230644226074219e+00,-5.560999999999999971e-03,-3.338309999999999889e-01,6.917950000000000488e-01,9.414799999999999558e-02,3.826959999999999806e-01,-1.250189999999999912e-01,0.000000000000000000e+00,-1.958400011062622070e+00,-4.131000041961669922e+00,5.030273437500000000e+00,3.306829333305358887e-01,-3.707180544734001160e-02,-4.830374941229820251e-02,0.000000000000000000e+00
5.427372217178344727e+00,-5.560999999999999971e-03,-3.338309999999999889e-01,6.917950000000000488e-01,9.414799999999999558e-02,3.826959999999999806e-01,-1.250189999999999912e-01,0.000000000000000000e+00,-1.958400011062622070e+00,-4.131000041961669922e+00,5.030273437500000000e+00,3.306829333305358887e-01,-3.707180544734001160e-02,-4.830374941229820251e-02,0.000000000000000000e+00
5.477511167526245117e+00,-5.560999999999999971e-03,-3.338309999999999889e-01,6.917950000000000488e-01,9.414799999999999558e-02,3.826959999999999806e-01,-1.250189999999999912e-01,0.000000000000000000e+00,-1.958400011062622070e+00,-4.131000041961669922e+00,5.030273437500000000e+00,3.306829333305358887e-01,-3.707180544734001160e-02,-4.830374941229820251e-02,0.000000000000000000e+00
5.527647495269775391e+00,-5.560999999999999971e-03,-3.338309999999999889e-01,6.917950000000000488e-01,9.414799999999999558e-02,3.826959999999999806e-01,-1.250189999999999912e-01,0.000000000000000000e+00,-1.958400011062622070e+00,-4.131000041961669922e+00,5.030273437500000000e+00,3.306829333305358887e-01,-3.707180544734001160e-02,-4.830374941229820251e-02,0.000000000000000000e+00
5.577783346176147461e+00,-5.573999999999999962e-03,-3.337330000000000019e-01,6.917950000000000488e-01,-4.275999999999999940e-02,2.817089999999999872e-01,-3.317200000000000010e-02,0.000000000000000000e+00,-1.779414713382720947e-02,-2.197637319564819336e+00,5.203324317932128906e+00,3.038829267024993896e-01,-5.717180296778678894e-02,2.707124873995780945e-02,0.000000000000000000e+00
5.627923250198364258e+00,-5.573999999999999962e-03,-3.337330000000000019e-01,6.917950000000000488e-01,-4.275999999999999940e-02,2.817089999999999872e-01,-3.317200000000000010e-02,0.000000000000000000e+00,-1.779414713382720947e-02,-2.197637319564819336e+00,5.203324317932128906e+00,3.038829267024993896e-01,-5.717180296778678894e-02,2.707124873995780945e-02,0.000000000000000000e+00
5.678059816360473633e+00,-5.573999999999999962e-03,-3.337330000000000019e-01,6.917950000000000488e-01,-4.275999999999999940e-02,2.817089999999999872e-01,-3.317200000000000010e-02,0.000000000000000000e+00,-1.779414713382720947e-02,-2.197637319564819336e+00,5.203324317932128906e+00,3.038829267024993896e-01,-5.717180296778678894e-02,2.707124873995780945e-02,0.000000000000000000e+00
5.728559017181396484e+00,-5.573999999999999962e-03,-3.337330000000000019e-01,6.917950000000000488e-01,-4.275999999999999940e-02,2.817089999999999872e-01,-3.317200000000000010e-02,0.000000000000000000e+00,-1.779414713382720947e-02,-2.197637319564819336e+00,5.203324317932128906e+00,3.038829267024993896e-01,-5.717180296778678894e-02,2.707124873995780945e-02,0.000000000000000000e+00
5.779057264328002930e+00,-5.297999999999999758e-03,-3.337330000000000019e-01,6.917950000000000488e-01,1.213759999999999978e-01,2.813100000000000045e-01,-8.532800000000000107e-02,0.000000000000000000e+00,2.089193835854530334e-02,-2.299886941909790039e+00,4.965509414672851562e+00,3.842829167842864990e-01,-3.251987993717193604e-01,-2.485375106334686279e-02,0.000000000000000000e+00
5.829441785812377930e+00,-5.297999999999999758e-03,-3.337330000000000019e-01,6.917950000000000488e-01,1.213759999999999978e-01,2.813100000000000045e-01,-8.532800000000000107e-02,0.000000000000000000e+00,2.089193835854530334e-02,-2.299886941909790039e+00,4.965509414672851562e+00,3.842829167842864990e-01,-3.251987993717193604e-01,-2.485375106334686279e-02,0.000000000000000000e+00
5.879936933517456055e+00,-5.297999999999999758e-03,-3.337330000000000019e-01,6.917950000000000488e-01,1.213759999999999978e-01,2.813100000000000045e-01,-8.532800000000000107e-02,0.000000000000000000e+00,2.089193835854530334e-02,-2.299886941909790039e+00,4.965509414672851562e+00,3.842829167842864990e-01,-3.251987993717193604e-01,-2.485375106334686279e-02,0.000000000000000000e+00
5.930436134338378906e+00,-5.297999999999999758e-03,-3.337330000000000019e-01,6.917950000000000488e-01,1.213759999999999978e-01,2.813100000000000045e-01,-8.532800000000000107e-02,0.000000000000000000e+00,2.089193835854530334e-02,-2.299886941909790039e+00,4.965509414672851562e+00,3.842829167842864990e-01,-3.251987993717193604e-01,-2.485375106334686279e-02,0.000000000000000000e+00
5.980653762817382812e+00,-3.918999999999999741e-03,-3.337390000000000079e-01,6.917950000000000488e-01,2.786089999999999955e-01,2.844260000000000121e-01,-1.319220000000000115e-01,0.000000000000000000e+00,-5.454661697149276733e-02,-2.261077880859375000e+00,5.103071689605712891e+00,3.692079186439514160e-01,-4.955528080463409424e-01,-4.160375148057937622e-02,0.000000000000000000e+00
6.030838489532470703e+00,-3.918999999999999741e-03,-3.337390000000000079e-01,6.917950000000000488e-01,2.786089999999999955e-01,2.844260000000000121e-01,-1.319220000000000115e-01,0.000000000000000000e+00,-5.454661697149276733e-02,-2.261077880859375000e+00,5.103071689605712891e+00,3.692079186439514160e-01,-4.955528080463409424e-01,-4.160375148057937622e-02,0.000000000000000000e+00
6.080976486206054688e+00,-3.918999999999999741e-03,-3.337390000000000079e-01,6.917950000000000488e-01,2.786089999999999955e-01,2.844260000000000121e-01,-1.319220000000000115e-01,0.000000000000000000e+00,-5.454661697149276733e-02,-2.261077880859375000e+00,5.103071689605712891e+00,3.692079186439514160e-01,-4.955528080463409424e-01,-4.160375148057937622e-02,0.000000000000000000e+00
6.131471872329711914e+00,-3.918999999999999741e-03,-3.337390000000000079e-01,6.917950000000000488e-01,2.786089999999999955e-01,2.844260000000000121e-01,-1.319220000000000115e-01,0.000000000000000000e+00,-5.454661697149276733e-02,-2.261077880859375000e+00,5.103071689605712891e+00,3.692079186439514160e-01,-4.955528080463409424e-01,-4.160375148057937622e-02,0.000000000000000000e+00
6.181646108627319336e+00,2.336600000000000135e-02,-3.337959999999999816e-01,6.917950000000000488e-01,3.633620000000000183e-01,2.884999999999999787e-01,-1.790920000000000012e-01,0.000000000000000000e+00,-6.261925697326660156e-01,-1.824843883514404297e+00,5.234548091888427734e+00,3.541329205036163330e-01,-1.150009706616401672e-01,-8.850374817848205566e-02,0.000000000000000000e+00
6.231777191162109375e+00,2.336600000000000135e-02,-3.337959999999999816e-01,6.917950000000000488e-01,3.633620000000000183e-01,2.884999999999999787e-01,-1.790920000000000012e-01,0.000000000000000000e+00,-6.261925697326660156e-01,-1.824843883514404297e+00,5.234548091888427734e+00,3.541329205036163330e-01,-1.150009706616401672e-01,-8.850374817848205566e-02,0.000000000000000000e+00
6.281896114349365234e+00,2.336600000000000135e-02,-3.337959999999999816e-01,6.917950000000000488e-01,3.633620000000000183e-01,2.884999999999999787e-01,-1.790920000000000012e-01,0.000000000000000000e+00,-6.261925697326660156e-01,-1.824843883514404297e+00,5.234548091888427734e+00,3.541329205036163330e-01,-1.150009706616401672e-01,-8.850374817848205566e-02,0.000000000000000000e+00
6.332007169723510742e+00,2.336600000000000135e-02,-3.337959999999999816e-01,6.917950000000000488e-01,3.633620000000000183e-01,2.884999999999999787e-01,-1.790920000000000012e-01,0.000000000000000000e+00,-6.261925697326660156e-01,-1.824843883514404297e+00,5.234548091888427734e+00,3.541329205036163330e-01,-1.150009706616401672e-01,-8.850374817848205566e-02,0.000000000000000000e+00
6.382128715515136719e+00,1.147549999999999959e-01,-3.337999999999999856e-01,6.917950000000000488e-01,4.314319999999999822e-01,2.884999999999999787e-01,-1.812010000000000010e-01,0.000000000000000000e+00,-7.269369363784790039e-01,-2.417781352996826172e+00,4.959792613983154297e+00,3.809329271316528320e-01,-8.121941238641738892e-02,-7.677874714136123657e-02,0.000000000000000000e+00
6.432250738143920898e+00,1.147549999999999959e-01,-3.337999999999999856e-01,6.917950000000000488e-01,4.314319999999999822e-01,2.884999999999999787e-01,-1.812010000000000010e-01,0.000000000000000000e+00,-7.269369363784790039e-01,-2.417781352996826172e+00,4.959792613983154297e+00,3.809329271316528320e-01,-8.121941238641738892e-02,-7.677874714136123657e-02,0.000000000000000000e+00
6.482368707656860352e+00,1.147549999999999959e-01,-3.337999999999999856e-01,6.917950000000000488e-01,4.314319999999999822e-01,2.884999999999999787e-01,-1.812010000000000010e-01,0.000000000000000000e+00,-7.269369363784790039e-01,-2.417781352996826172e+00,4.959792613983154297e+00,3.809329271316528320e-01,-8.121941238641738892e-02,-7.677874714136123657e-02,0.000000000000000000e+00
6.532494544982910156e+00,1.147549999999999959e-01,-3.337999999999999856e-01,6.917950000000000488e-01,4.314319999999999822e-01,2.884999999999999787e-01,-1.812010000000000010e-01,0.000000000000000000e+00,-7.269369363784790039e-01,-2.417781352996826172e+00,4.959792613983154297e+00,3.809329271316528320e-01,-8.121941238641738892e-02,-7.677874714136123657e-02,0.000000000000000000e+00
6.582757711410522461e+00,2.426200000000000023e-01,-3.338400000000000256e-01,6.917950000000000488e-01,5.652719999999999967e-01,2.884999999999999787e-01,-1.881039999999999934e-01,0.000000000000000000e+00,-9.247208237648010254e-01,-2.389291286468505859e+00,5.094718933105468750e+00,3.273329138755798340e-01,-7.391623407602310181e-02,-7.007875293493270874e-02,0.000000000000000000e+00
6.632870197296142578e+00,2.426200000000000023e-01,-3.338400000000000256e-01,6.917950000000000488e-01,5.652719999999999967e-01,2.884999999999999787e-01,-1.881039999999999934e-01,0.000000000000000000e+00,-9.247208237648010254e-01,-2.389291286468505859e+00,5.094718933105468750e+00,3.273329138755798340e-01,-7.391623407602310181e-02,-7.007875293493270874e-02,0.000000000000000000e+00
6.682990550994873047e+00,2.426200000000000023e-01,-3.338400000000000256e-01,6.917950000000000488e-01,5.652719999999999967e-01,2.884999999999999787e-01,-1.881039999999999934e-01,0.000000000000000000e+00,-9.247208237648010254e-01,-2.389291286468505859e+00,5.094718933105468750e+00,3.273329138755798340e-01,-7.391623407602310181e-02,-7.007875293493270874e-02,0.000000000000000000e+00
6.733077764511108398e+00,2.426200000000000023e-01,-3.338400000000000256e-01,6.917950000000000488e-01,5.652719999999999967e-01,2.884999999999999787e-01,-1.881039999999999934e-01,0.000000000000000000e+00,-9.247208237648010254e-01,-2.389291286468505859e+00,5.094718933105468750e+00,3.273329138755798340e-01,-7.391623407602310181e-02,-7.007875293493270874e-02,0.000000000000000000e+00
6.783224821090698242e+00,3.737679999999999891e-01,-3.338519999999999821e-01,6.917950000000000488e-01,7.272990000000000288e-01,2.904979999999999785e-01,-1.950070000000000137e-01,0.000000000000000000e+00,-8.937747478485107422e-01,-2.378580808639526367e+00,5.235813617706298828e+00,3.658579289913177490e-01,-2.543528079986572266e-01,-8.515375107526779175e-02,0.000000000000000000e+00
6.833357810974121094e+00,3.737679999999999891e-01,-3.338519999999999821e-01,6.917950000000000488e-01,7.272990000000000288e-01,2.904979999999999785e-01,-1.950070000000000137e-01,0.000000000000000000e+00,-8.937747478485107422e-01,-2.378580808639526367e+00,5.235813617706298828e+00,3.658579289913177490e-01,-2.543528079986572266e-01,-8.515375107526779175e-02,0.000000000000000000e+00
6.883498668670654297e+00,3.737679999999999891e-01,-3.338519999999999821e-01,6.917950000000000488e-01,7.272990000000000288e-01,2.904979999999999785e-01,-1.950070000000000137e-01,0.000000000000000000e+00,-8.937747478485107422e-01,-2.378580808639526367e+00,5.235813617706298828e+00,3.658579289913177490e-01,-2.543528079986572266e-01,-8.515375107526779175e-02,0.000000000000000000e+00
6.933634519577026367e+00,3.737679999999999891e-01,-3.338519999999999821e-01,6.917950000000000488e-01,7.272990000000000288e-01,2.904979999999999785e-01,-1.950070000000000137e-01,0.000000000000000000e+00,-8.937747478485107422e-01,-2.378580808639526367e+00,5.235813617706298828e+00,3.658579289913177490e-01,-2.543528079986572266e-01,-8.515375107526779175e-02,0.000000000000000000e+00
6.983780384063720703e+00,4.999379999999999935e-01,-3.338809999999999834e-01,6.917950000000000488e-01,9.175119999999999942e-01,2.959300000000000264e-01,-2.042110000000000036e-01,0.000000000000000000e+00,-9.752219915390014648e-01,-2.384641647338867188e+00,5.198395252227783203e+00,3.072329163551330566e-01,-1.498328000307083130e-01,-8.850374817848205566e-02,0.000000000000000000e+00
7.033931493759155273e+00,4.999379999999999935e-01,-3.338809999999999834e-01,6.917950000000000488e-01,9.175119999999999942e-01,2.959300000000000264e-01,-2.042110000000000036e-01,0.000000000000000000e+00,-9.752219915390014648e-01,-2.384641647338867188e+00,5.198395252227783203e+00,3.072329163551330566e-01,-1.498328000307083130e-01,-8.850374817848205566e-02,0.000000000000000000e+00
7.084071636199951172e+00,4.999379999999999935e-01,-3.338809999999999834e-01,6.917950000000000488e-01,9.175119999999999942e-01,2.959300000000000264e-01,-2.042110000000000036e-01,0.000000000000000000e+00,-9.752219915390014648e-01,-2.384641647338867188e+00,5.198395252227783203e+00,3.072329163551330566e-01,-1.498328000307083130e-01,-8.850374817848205566e-02,0.000000000000000000e+00
7.134197235107421875e+00,4.999379999999999935e-01,-3.338809999999999834e-01,6.917950000000000488e-01,9.175119999999999942e-01,2.959300000000000264e-01,-2.042110000000000036e-01,0.000000000000000000e+00,-9.752219915390014648e-01,-2.384641647338867188e+00,5.198395252227783203e+00,3.072329163551330566e-01,-1.498328000307083130e-01,-8.850374817848205566e-02,0.000000000000000000e+00
7.184320688247680664e+00,6.225159999999999583e-01,-3.340090000000000003e-01,6.918020000000000280e-01,1.073020000000000085e+00,2.997650000000000037e-01,-2.176339999999999941e-01,0.000000000000000000e+00,-1.586686015129089355e+00,-3.351816892623901367e+00,5.269463539123535156e+00,2.486079186201095581e-01,7.278119772672653198e-02,-8.180375397205352783e-02,0.000000000000000000e+00
7.234448432922363281e+00,6.225159999999999583e-01,-3.340090000000000003e-01,6.918020000000000280e-01,1.073020000000000085e+00,2.997650000000000037e-01,-2.176339999999999941e-01,0.000000000000000000e+00,-1.586686015129089355e+00,-3.351816892623901367e+00,5.269463539123535156e+00,2.486079186201095581e-01,7.278119772672653198e-02,-8.180375397205352783e-02,0.000000000000000000e+00
7.284576892852783203e+00,6.225159999999999583e-01,-3.340090000000000003e-01,6.918020000000000280e-01,1.073020000000000085e+00,2.997650000000000037e-01,-2.176339999999999941e-01,0.000000000000000000e+00,-1.586686015129089355e+00,-3.351816892623901367e+00,5.269463539123535156e+00,2.486079186201095581e-01,7.278119772672653198e-02,-8.180375397205352783e-02,0.000000000000000000e+00
7.334791183471679688e+00,6.225159999999999583e-01,-3.340090000000000003e-01,6.918020000000000280e-01,1.073020000000000085e+00,2.997650000000000037e-01,-2.176339999999999941e-01,0.000000000000000000e+00,-1.586686015129089355e+00,-3.351816892623901367e+00,5.269463539123535156e+00,2.486079186201095581e-01,7.278119772672653198e-02,-8.180375397205352783e-02,0.000000000000000000e+00
7.384927272796630859e+00,7.304340000000000277e-01,-3.353260000000000129e-01,6.935780000000000278e-01,1.208776999999999990e+00,3.004839999999999733e-01,-3.067960000000000131e-01,0.000000000000000000e+00,-6.570997834205627441e-01,-2.441977262496948242e+00,5.268596649169921875e+00,1.983579248189926147e-01,-1.044805999845266342e-02,-4.327875003218650818e-02,0.000000000000000000e+00
7.435063123703002930e+00,7.304340000000000277e-01,-3.353260000000000129e-01,6.935780000000000278e-01,1.208776999999999990e+00,3.004839999999999733e-01,-3.067960000000000131e-01,0.000000000000000000e+00,-6.570997834205627441e-01,-2.441977262496948242e+00,5.268596649169921875e+00,1.983579248189926147e-01,-1.044805999845266342e-02,-4.327875003218650818e-02,0.000000000000000000e+00
7.485437154769897461e+00,7.304340000000000277e-01,-3.353260000000000129e-01,6.935780000000000278e-01,1.208776999999999990e+00,3.004839999999999733e-01,-3.067960000000000131e-01,0.000000000000000000e+00,-6.570997834205627441e-01,-2.441977262496948242e+00,5.268596649169921875e+00,1.983579248189926147e-01,-1.044805999845266342e-02,-4.327875003218650818e-02,0.000000000000000000e+00
7.535930871963500977e+00,7.304340000000000277e-01,-3.353260000000000129e-01,6.935780000000000278e-01,1.208776999999999990e+00,3.004839999999999733e-01,-3.067960000000000131e-01,0.000000000000000000e+00,-6.570997834205627441e-01,-2.441977262496948242e+00,5.268596649169921875e+00,1.983579248189926147e-01,-1.044805999845266342e-02,-4.327875003218650818e-02,0.000000000000000000e+00
7.586071729660034180e+00,7.686739999999999684e-01,-3.502540000000000098e-01,7.478639999999999732e-01,1.305417999999999967e+00,3.004049999999999776e-01,-3.967260000000000231e-01,0.000000000000000000e+00,1.682999968528747559e+00,-1.565910577774047852e+00,5.412686347961425781e+00,2.167829275131225586e-01,-1.451502554118633270e-02,-8.850374817848205566e-02,0.000000000000000000e+00
7.636234045028686523e+00,7.686739999999999684e-01,-3.502540000000000098e-01,7.478639999999999732e-01,1.305417999999999967e+00,3.004049999999999776e-01,-3.967260000000000231e-01,0.000000000000000000e+00,1.682999968528747559e+00,-1.565910577774047852e+00,5.412686347961425781e+00,2.167829275131225586e-01,-1.451502554118633270e-02,-8.850374817848205566e-02,0.000000000000000000e+00
7.686366558074951172e+00,7.686739999999999684e-01,-3.502540000000000098e-01,7.478639999999999732e-01,1.305417999999999967e+00,3.004049999999999776e-01,-3.967260000000000231e-01,0.000000000000000000e+00,1.682999968528747559e+00,-1.565910577774047852e+00,5.412686347961425781e+00,2.167829275131225586e-01,-1.451502554118633270e-02,-8.850374817848205566e-02,0.000000000000000000e+00
7.736490964889526367e+00,7.686739999999999684e-01,-3.502540000000000098e-01,7.478639999999999732e-01,1.305417999999999967e+00,3.004049999999999776e-01,-3.967260000000000231e-01,0.000000000000000000e+00,1.682999968528747559e+00,-1.565910577774047852e+00,5.412686347961425781e+00,2.167829275131225586e-01,-1.451502554118633270e-02,-8.850374817848205566e-02,0.000000000000000000e+00
7.786624431610107422e+00,7.685570000000000457e-01,-3.720209999999999906e-01,8.384390000000000454e-01,1.372529000000000110e+00,2.617349999999999954e-01,-5.265389999999999793e-01,0.000000000000000000e+00,-1.547745764255523682e-01,-9.975731968879699707e-01,5.269257545471191406e+00,1.631829291582107544e-01,-1.054118052124977112e-01,-4.495375230908393860e-02,0.000000000000000000e+00
7.837111711502075195e+00,7.685570000000000457e-01,-3.720209999999999906e-01,8.384390000000000454e-01,1.372529000000000110e+00,2.617349999999999954e-01,-5.265389999999999793e-01,0.000000000000000000e+00,-1.547745764255523682e-01,-9.975731968879699707e-01,5.269257545471191406e+00,1.631829291582107544e-01,-1.054118052124977112e-01,-4.495375230908393860e-02,0.000000000000000000e+00
7.887244462966918945e+00,7.685570000000000457e-01,-3.720209999999999906e-01,8.384390000000000454e-01,1.372529000000000110e+00,2.617349999999999954e-01,-5.265389999999999793e-01,0.000000000000000000e+00,-1.547745764255523682e-01,-9.975731968879699707e-01,5.269257545471191406e+00,1.631829291582107544e-01,-1.054118052124977112e-01,-4.495375230908393860e-02,0.000000000000000000e+00
7.937376499176025391e+00,7.685570000000000457e-01,-3.720209999999999906e-01,8.384390000000000454e-01,1.372529000000000110e+00,2.617349999999999954e-01,-5.265389999999999793e-01,0.000000000000000000e+00,-1.547745764255523682e-01,-9.975731968879699707e-01,5.269257545471191406e+00,1.631829291582107544e-01,-1.054118052124977112e-01,-4.495375230908393860e-02,0.000000000000000000e+00
7.987849712371826172e+00,7.672010000000000218e-01,-3.851959999999999829e-01,9.200279999999999569e-01,1.432355000000000045e+00,-2.692500000000000102e-02,-6.948929999999999829e-01,0.000000000000000000e+00,-9.781133849173784256e-04,-7.875614762306213379e-01,4.844118595123291016e+00,1.012079194188117981e-01,-7.727180421352386475e-02,-9.185375273227691650e-02,0.000000000000000000e+00
8.037978887557983398e+00,7.672010000000000218e-01,-3.851959999999999829e-01,9.200279999999999569e-01,1.432355000000000045e+00,-2.692500000000000102e-02,-6.948929999999999829e-01,0.000000000000000000e+00,-9.781133849173784256e-04,-7.875614762306213379e-01,4.844118595123291016e+00,1.012079194188117981e-01,-7.727180421352386475e-02,-9.185375273227691650e-02,0.000000000000000000e+00
8.088455677032470703e+00,7.672010000000000218e-01,-3.851959999999999829e-01,9.200279999999999569e-01,1.432355000000000045e+00,-2.692500000000000102e-02,-6.948929999999999829e-01,0.000000000000000000e+00,-9.781133849173784256e-04,-7.875614762306213379e-01,4.844118595123291016e+00,1.012079194188117981e-01,-7.727180421352386475e-02,-9.185375273227691650e-02,0.000000000000000000e+00
8.138944625854492188e+00,7.672010000000000218e-01,-3.851959999999999829e-01,9.200279999999999569e-01,1.432355000000000045e+00,-2.692500000000000102e-02,-6.948929999999999829e-01,0.000000000000000000e+00,-9.781133849173784256e-04,-7.875614762306213379e-01,4.844118595123291016e+00,1.012079194188117981e-01,-7.727180421352386475e-02,-9.185375273227691650e-02,0.000000000000000000e+00
8.189446449279785156e+00,7.618380000000000152e-01,-3.920660000000000256e-01,9.916209999999999747e-01,1.469745000000000079e+00,-1.549159999999999981e-01,-7.773449999999999527e-01,0.000000000000000000e+00,6.455302238464355469e-01,-4.380346834659576416e-01,4.517083644866943359e+00,6.938292086124420166e-02,-6.119180470705032349e-02,-6.002875044941902161e-02,0.000000000000000000e+00
8.239943027496337891e+00,7.618380000000000152e-01,-3.920660000000000256e-01,9.916209999999999747e-01,1.469745000000000079e+00,-1.549159999999999981e-01,-7.773449999999999527e-01,0.000000000000000000e+00,6.455302238464355469e-01,-4.380346834659576416e-01,4.517083644866943359e+00,6.938292086124420166e-02,-6.119180470705032349e-02,-6.002875044941902161e-02,0.000000000000000000e+00
8.290087699890136719e+00,7.618380000000000152e-01,-3.920660000000000256e-01,9.916209999999999747e-01,1.469745000000000079e+00,-1.549159999999999981e-01,-7.773449999999999527e-01,0.000000000000000000e+00,6.455302238464355469e-01,-4.380346834659576416e-01,4.517083644866943359e+00,6.938292086124420166e-02,-6.119180470705032349e-02,-6.002875044941902161e-02,0.000000000000000000e+00
8.340592622756958008e+00,7.618380000000000152e-01,-3.920660000000000256e-01,9.916209999999999747e-01,1.469745000000000079e+00,-1.549159999999999981e-01,-7.773449999999999527e-01,0.000000000000000000e+00,6.455302238464355469e-01,-4.380346834659576416e-01,4.517083644866943359e+00,6.938292086124420166e-02,-6.119180470705032349e-02,-6.002875044941902161e-02,0.000000000000000000e+00
8.391080141067504883e+00,7.338390000000000191e-01,-3.977919999999999789e-01,1.072623000000000104e+00,1.474922999999999984e+00,-2.205900000000000083e-01,-7.890409999999999924e-01,0.000000000000000000e+00,7.916987538337707520e-01,-9.144417196512222290e-02,3.991518020629882812e+00,8.780792355537414551e-02,-1.214918047189712524e-01,-7.007875293493270874e-02,0.000000000000000000e+00
8.441453218460083008e+00,7.338390000000000191e-01,-3.977919999999999789e-01,1.072623000000000104e+00,1.474922999999999984e+00,-2.205900000000000083e-01,-7.890409999999999924e-01,0.000000000000000000e+00,7.916987538337707520e-01,-9.144417196512222290e-02,3.991518020629882812e+00,8.780792355537414551e-02,-1.214918047189712524e-01,-7.007875293493270874e-02,0.000000000000000000e+00
8.491943359375000000e+00,7.338390000000000191e-01,-3.977919999999999789e-01,1.072623000000000104e+00,1.474922999999999984e+00,-2.205900000000000083e-01,-7.890409999999999924e-01,0.000000000000000000e+00,7.916987538337707520e-01,-9.144417196512222290e-02,3.991518020629882812e+00,8.780792355537414551e-02,-1.214918047189712524e-01,-7.007875293493270874e-02,0.000000000000000000e+00
8.542443513870239258e+00,7.338390000000000191e-01,-3.977919999999999789e-01,1.072623000000000104e+00,1.474922999999999984e+00,-2.205900000000000083e-01,-7.890409999999999924e-01,0.000000000000000000e+00,7.916987538337707520e-01,-9.144417196512222290e-02,3.991518020629882812e+00,8.780792355537414551e-02,-1.214918047189712524e-01,-7.007875293493270874e-02,0.000000000000000000e+00
8.592843294143676758e+00,6.552630000000000399e-01,-3.979300000000000059e-01,1.121763999999999983e+00,1.463225999999999916e+00,-2.463960000000000039e-01,-7.938349999999999573e-01,0.000000000000000000e+00,3.590925633907318115e-01,-9.482216835021972656e-01,3.844189643859863281e+00,5.430792272090911865e-02,-1.241988018155097961e-01,-7.677874714136123657e-02,0.000000000000000000e+00
8.643006086349487305e+00,6.552630000000000399e-01,-3.979300000000000059e-01,1.121763999999999983e+00,1.463225999999999916e+00,-2.463960000000000039e-01,-7.938349999999999573e-01,0.000000000000000000e+00,3.590925633907318115e-01,-9.482216835021972656e-01,3.844189643859863281e+00,5.430792272090911865e-02,-1.241988018155097961e-01,-7.677874714136123657e-02,0.000000000000000000e+00
8.693202733993530273e+00,6.552630000000000399e-01,-3.979300000000000059e-01,1.121763999999999983e+00,1.463225999999999916e+00,-2.463960000000000039e-01,-7.938349999999999573e-01,0.000000000000000000e+00,3.590925633907318115e-01,-9.482216835021972656e-01,3.844189643859863281e+00,5.430792272090911865e-02,-1.241988018155097961e-01,-7.677874714136123657e-02,0.000000000000000000e+00
8.744021415710449219e+00,5.536579999999999835e-01,-3.979300000000000059e-01,1.128276999999999974e+00,1.414139000000000035e+00,-2.551840000000000219e-01,-8.158860000000000001e-01,0.000000000000000000e+00,4.209700226783752441e-01,-1.233034372329711914e+00,6.713833332061767578e+00,-3.446707874536514282e-02,-8.931804448366165161e-03,-9.352874755859375000e-02,0.000000000000000000e+00
8.794505119323730469e+00,5.536579999999999835e-01,-3.979300000000000059e-01,1.128276999999999974e+00,1.414139000000000035e+00,-2.551840000000000219e-01,-8.158860000000000001e-01,0.000000000000000000e+00,4.209700226783752441e-01,-1.233034372329711914e+00,6.713833332061767578e+00,-3.446707874536514282e-02,-8.931804448366165161e-03,-9.352874755859375000e-02,0.000000000000000000e+00
8.845025300979614258e+00,5.536579999999999835e-01,-3.979300000000000059e-01,1.128276999999999974e+00,1.414139000000000035e+00,-2.551840000000000219e-01,-8.158860000000000001e-01,0.000000000000000000e+00,4.209700226783752441e-01,-1.233034372329711914e+00,6.713833332061767578e+00,-3.446707874536514282e-02,-8.931804448366165161e-03,-9.352874755859375000e-02,0.000000000000000000e+00
8.895526409149169922e+00,5.536579999999999835e-01,-3.979300000000000059e-01,1.128276999999999974e+00,1.414139000000000035e+00,-2.551840000000000219e-01,-8.158860000000000001e-01,0.000000000000000000e+00,4.209700226783752441e-01,-1.233034372329711914e+00,6.713833332061767578e+00,-3.446707874536514282e-02,-8.931804448366165161e-03,-9.352874755859375000e-02,0.000000000000000000e+00
8.945659637451171875e+00,4.510979999999999990e-01,-3.979219999999999979e-01,1.128279000000000032e+00,1.372721000000000080e+00,-2.598980000000000179e-01,-8.824220000000000397e-01,0.000000000000000000e+00,3.211812973022460938e-01,-1.199544668197631836e+00,4.531116962432861328e+00,-4.284207895398139954e-02,-4.511180520057678223e-02,-8.682875335216522217e-02,0.000000000000000000e+00
8.995802640914916992e+00,4.510979999999999990e-01,-3.979219999999999979e-01,1.128279000000000032e+00,1.372721000000000080e+00,-2.598980000000000179e-01,-8.824220000000000397e-01,0.000000000000000000e+00,3.211812973022460938e-01,-1.199544668197631836e+00,4.531116962432861328e+00,-4.284207895398139954e-02,-4.511180520057678223e-02,-8.682875335216522217e-02,0.000000000000000000e+00
9.046311616897583008e+00,4.510979999999999990e-01,-3.979219999999999979e-01,1.128279000000000032e+00,1.372721000000000080e+00,-2.598980000000000179e-01,-8.824220000000000397e-01,0.000000000000000000e+00,3.211812973022460938e-01,-1.199544668197631836e+00,4.531116962432861328e+00,-4.284207895398139954e-02,-4.511180520057678223e-02,-8.682875335216522217e-02,0.000000000000000000e+00
9.096829414367675781e+00,4.510979999999999990e-01,-3.979219999999999979e-01,1.128279000000000032e+00,1.372721000000000080e+00,-2.598980000000000179e-01,-8.824220000000000397e-01,0.000000000000000000e+00,3.211812973022460938e-01,-1.199544668197631836e+00,4.531116962432861328e+00,-4.284207895398139954e-02,-4.511180520057678223e-02,-8.682875335216522217e-02,0.000000000000000000e+00
9.147337436676025391e+00,3.458490000000000175e-01,-3.978130000000000277e-01,1.128279000000000032e+00,1.340891000000000055e+00,-2.621350000000000069e-01,-9.223059999999999592e-01,0.000000000000000000e+00,8.688239008188247681e-02,-1.281094670295715332e+00,4.570156097412109375e+00,-3.279207646846771240e-02,-4.262175410985946655e-02,-6.505375355482101440e-02,0.000000000000000000e+00
9.197471618652343750e+00,3.458490000000000175e-01,-3.978130000000000277e-01,1.128279000000000032e+00,1.340891000000000055e+00,-2.621350000000000069e-01,-9.223059999999999592e-01,0.000000000000000000e+00,8.688239008188247681e-02,-1.281094670295715332e+00,4.570156097412109375e+00,-3.279207646846771240e-02,-4.262175410985946655e-02,-6.505375355482101440e-02,0.000000000000000000e+00
9.247614622116088867e+00,3.458490000000000175e-01,-3.978130000000000277e-01,1.128279000000000032e+00,1.340891000000000055e+00,-2.621350000000000069e-01,-9.223059999999999592e-01,0.000000000000000000e+00,8.688239008188247681e-02,-1.281094670295715332e+00,4.570156097412109375e+00,-3.279207646846771240e-02,-4.262175410985946655e-02,-6.505375355482101440e-02,0.000000000000000000e+00
9.297759532928466797e+00,3.458490000000000175e-01,-3.978130000000000277e-01,1.128279000000000032e+00,1.340891000000000055e+00,-2.621350000000000069e-01,-9.223059999999999592e-01,0.000000000000000000e+00,8.688239008188247681e-02,-1.281094670295715332e+00,4.570156097412109375e+00,-3.279207646846771240e-02,-4.262175410985946655e-02,-6.505375355482101440e-02,0.000000000000000000e+00
9.348247051239013672e+00,2.307069999999999954e-01,-3.955500000000000127e-01,1.128238999999999992e+00,1.308677000000000090e+00,-2.695649999999999991e-01,-9.531770000000000520e-01,0.000000000000000000e+00,8.401955366134643555e-01,-3.308505415916442871e-01,4.421457290649414062e+00,7.079219794832170010e-04,-1.094318032264709473e-01,-3.992874920368194580e-02,0.000000000000000000e+00
9.398384809494018555e+00,2.307069999999999954e-01,-3.955500000000000127e-01,1.128238999999999992e+00,1.308677000000000090e+00,-2.695649999999999991e-01,-9.531770000000000520e-01,0.000000000000000000e+00,8.401955366134643555e-01,-3.308505415916442871e-01,4.421457290649414062e+00,7.079219794832170010e-04,-1.094318032264709473e-01,-3.992874920368194580e-02,0.000000000000000000e+00
9.448546648025512695e+00,2.307069999999999954e-01,-3.955500000000000127e-01,1.128238999999999992e+00,1.308677000000000090e+00,-2.695649999999999991e-01,-9.531770000000000520e-01,0.000000000000000000e+00,8.401955366134643555e-01,-3.308505415916442871e-01,4.421457290649414062e+00,7.079219794832170010e-04,-1.094318032264709473e-01,-3.992874920368194580e-02,0.000000000000000000e+00
9.498694658279418945e+00,2.307069999999999954e-01,-3.955500000000000127e-01,1.128238999999999992e+00,1.308677000000000090e+00,-2.695649999999999991e-01,-9.531770000000000520e-01,0.000000000000000000e+00,8.401955366134643555e-01,-3.308505415916442871e-01,4.421457290649414062e+00,7.079219794832170010e-04,-1.094318032264709473e-01,-3.992874920368194580e-02,0.000000000000000000e+00
9.548820257186889648e+00,1.109340000000000048e-01,-3.846069999999999767e-01,1.127933999999999992e+00,1.260164999999999980e+00,-3.298059999999999881e-01,-9.871170000000000222e-01,0.000000000000000000e+00,1.611805260181427002e-01,-2.690396785736083984e+00,4.358767986297607422e+00,3.755792230367660522e-02,-1.295318007469177246e-01,-3.992874920368194580e-02,0.000000000000000000e+00
9.598948717117309570e+00,1.109340000000000048e-01,-3.846069999999999767e-01,1.127933999999999992e+00,1.260164999999999980e+00,-3.298059999999999881e-01,-9.871170000000000222e-01,0.000000000000000000e+00,1.611805260181427002e-01,-2.690396785736083984e+00,4.358767986297607422e+00,3.755792230367660522e-02,-1.295318007469177246e-01,-3.992874920368194580e-02,0.000000000000000000e+00
9.649127244949340820e+00,1.109340000000000048e-01,-3.846069999999999767e-01,1.127933999999999992e+00,1.260164999999999980e+00,-3.298059999999999881e-01,-9.871170000000000222e-01,0.000000000000000000e+00,1.611805260181427002e-01,-2.690396785736083984e+00,4.358767986297607422e+00,3.755792230367660522e-02,-1.295318007469177246e-01,-3.992874920368194580e-02,0.000000000000000000e+00
9.699263334274291992e+00,1.109340000000000048e-01,-3.846069999999999767e-01,1.127933999999999992e+00,1.260164999999999980e+00,-3.298059999999999881e-01,-9.871170000000000222e-01,0.000000000000000000e+00,1.611805260181427002e-01,-2.690396785736083984e+00,4.358767986297607422e+00,3.755792230367660522e-02,-1.295318007469177246e-01,-3.992874920368194580e-02,0.000000000000000000e+00
9.749377965927124023e+00,1.469000000000000037e-03,-3.594999999999999862e-01,1.127780999999999922e+00,1.206858999999999904e+00,-4.906340000000000146e-01,-1.005333000000000032e+00,0.000000000000000000e+00,3.801836818456649780e-02,-2.854776382446289062e+00,5.570687770843505859e+00,1.243292167782783508e-02,-8.129180222749710083e-02,-4.495375230908393860e-02,0.000000000000000000e+00
9.799866199493408203e+00,1.469000000000000037e-03,-3.594999999999999862e-01,1.127780999999999922e+00,1.206858999999999904e+00,-4.906340000000000146e-01,-1.005333000000000032e+00,0.000000000000000000e+00,3.801836818456649780e-02,-2.854776382446289062e+00,5.570687770843505859e+00,1.243292167782783508e-02,-8.129180222749710083e-02,-4.495375230908393860e-02,0.000000000000000000e+00
9.850050210952758789e+00,1.469000000000000037e-03,-3.594999999999999862e-01,1.127780999999999922e+00,1.206858999999999904e+00,-4.906340000000000146e-01,-1.005333000000000032e+00,0.000000000000000000e+00,3.801836818456649780e-02,-2.854776382446289062e+00,5.570687770843505859e+00,1.243292167782783508e-02,-8.129180222749710083e-02,-4.495375230908393860e-02,0.000000000000000000e+00
9.900192260742187500e+00,1.469000000000000037e-03,-3.594999999999999862e-01,1.127780999999999922e+00,1.206858999999999904e+00,-4.906340000000000146e-01,-1.005333000000000032e+00,0.000000000000000000e+00,3.801836818456649780e-02,-2.854776382446289062e+00,5.570687770843505859e+00,1.243292167782783508e-02,-8.129180222749710083e-02,-4.495375230908393860e-02,0.000000000000000000e+00
9.950315475463867188e+00,-1.133310000000000012e-01,-3.209449999999999803e-01,1.127652000000000099e+00,1.120765000000000011e+00,-4.923120000000000274e-01,-1.006866999999999956e+00,0.000000000000000000e+00,1.199100539088249207e-01,-2.804107904434204102e+00,4.450510978698730469e+00,-4.317077808082103729e-03,-2.407788038253784180e-01,-4.997875168919563293e-02,0.000000000000000000e+00
