2.503395080566406250e-05,-1.137959999999999944e-01,-7.245799999999999463e-02,-1.176960000000000006e+00,-1.169999999999999979e-04,2.339700000000000113e-01,-1.699999999999999987e-05,0.000000000000000000e+00,1.758844889819465934e-17,-2.520992469787597656e+01,-2.261452674865722656e+01,-8.240750432014465332e-02,-4.320906162261962891e+00,9.161227941513061523e-02,0.000000000000000000e+00
5.014491081237792969e-02,-1.137959999999999944e-01,-7.245799999999999463e-02,-1.176960000000000006e+00,-1.169999999999999979e-04,2.339700000000000113e-01,-1.699999999999999987e-05,0.000000000000000000e+00,1.758844889819465934e-17,-2.520992469787597656e+01,-2.261452674865722656e+01,-8.240750432014465332e-02,-4.320906162261962891e+00,9.161227941513061523e-02,0.000000000000000000e+00
1.002748012542724609e-01,-1.137959999999999944e-01,-7.245799999999999463e-02,-1.176960000000000006e+00,-1.169999999999999979e-04,2.339700000000000113e-01,-1.699999999999999987e-05,0.000000000000000000e+00,1.758844889819465934e-17,-2.520992469787597656e+01,-2.261452674865722656e+01,-8.240750432014465332e-02,-4.320906162261962891e+00,9.161227941513061523e-02,0.000000000000000000e+00
1.503958702087402344e-01,-1.117729999999999974e-01,-6.146399999999999780e-02,-1.172628000000000004e+00,-1.150000000000000035e-04,2.097030000000000005e-01,-1.699999999999999987e-05,0.000000000000000000e+00,3.474395573139190674e-01,-2.249965286254882812e+01,-2.090823936462402344e+01,-1.013765186071395874e-01,-3.889044284820556641e+00,8.735874295234680176e-02,0.000000000000000000e+00
2.005488872528076172e-01,-1.117729999999999974e-01,-6.146399999999999780e-02,-1.172628000000000004e+00,-1.150000000000000035e-04,2.097030000000000005e-01,-1.699999999999999987e-05,0.000000000000000000e+00,3.474395573139190674e-01,-2.249965286254882812e+01,-2.090823936462402344e+01,-1.013765186071395874e-01,-3.889044284820556641e+00,8.735874295234680176e-02,0.000000000000000000e+00
2.506616115570068359e-01,-1.117729999999999974e-01,-6.146399999999999780e-02,-1.172628000000000004e+00,-1.150000000000000035e-04,2.097030000000000005e-01,-1.699999999999999987e-05,0.000000000000000000e+00,3.474395573139190674e-01,-2.249965286254882812e+01,-2.090823936462402344e+01,-1.013765186071395874e-01,-3.889044284820556641e+00,8.735874295234680176e-02,0.000000000000000000e+00
3.007783889770507812e-01,-1.117729999999999974e-01,-6.146399999999999780e-02,-1.172628000000000004e+00,-1.150000000000000035e-04,2.097030000000000005e-01,-1.699999999999999987e-05,0.000000000000000000e+00,3.474395573139190674e-01,-2.249965286254882812e+01,-2.090823936462402344e+01,-1.013765186071395874e-01,-3.889044284820556641e+00,8.735874295234680176e-02,0.000000000000000000e+00
3.508987426757812500e-01,-1.020439999999999958e-01,-8.580000000000000820e-03,-1.151790000000000092e+00,-1.069999999999999988e-04,9.296999999999999709e-02,-1.599999999999999928e-05,0.000000000000000000e+00,-6.666333675384521484e-01,-2.593483161926269531e+01,-2.042890548706054688e+01,-8.046843856573104858e-02,-4.514523506164550781e+00,9.391908347606658936e-02,0.000000000000000000e+00
4.013624191284179688e-01,-1.020439999999999958e-01,-8.580000000000000820e-03,-1.151790000000000092e+00,-1.069999999999999988e-04,9.296999999999999709e-02,-1.599999999999999928e-05,0.000000000000000000e+00,-6.666333675384521484e-01,-2.593483161926269531e+01,-2.042890548706054688e+01,-8.046843856573104858e-02,-4.514523506164550781e+00,9.391908347606658936e-02,0.000000000000000000e+00
4.514799118041992188e-01,-1.020439999999999958e-01,-8.580000000000000820e-03,-1.151790000000000092e+00,-1.069999999999999988e-04,9.296999999999999709e-02,-1.599999999999999928e-05,0.000000000000000000e+00,-6.666333675384521484e-01,-2.593483161926269531e+01,-2.042890548706054688e+01,-8.046843856573104858e-02,-4.514523506164550781e+00,9.391908347606658936e-02,0.000000000000000000e+00
5.019404888153076172e-01,-1.020439999999999958e-01,-8.580000000000000820e-03,-1.151790000000000092e+00,-1.069999999999999988e-04,9.296999999999999709e-02,-1.599999999999999928e-05,0.000000000000000000e+00,-6.666333675384521484e-01,-2.593483161926269531e+01,-2.042890548706054688e+01,-8.046843856573104858e-02,-4.514523506164550781e+00,9.391908347606658936e-02,0.000000000000000000e+00
5.520596504211425781e-01,-9.204299999999999982e-02,4.578499999999999931e-02,-1.130368000000000039e+00,-9.899999999999999404e-05,-2.702999999999999847e-02,-1.599999999999999928e-05,0.000000000000000000e+00,-1.248033404350280762e+00,-2.643973159790039062e+01,-2.093380546569824219e+01,-7.756093889474868774e-02,-4.175440788269042969e+00,9.619245678186416626e-02,0.000000000000000000e+00
6.024258136749267578e-01,-9.204299999999999982e-02,4.578499999999999931e-02,-1.130368000000000039e+00,-9.899999999999999404e-05,-2.702999999999999847e-02,-1.599999999999999928e-05,0.000000000000000000e+00,-1.248033404350280762e+00,-2.643973159790039062e+01,-2.093380546569824219e+01,-7.756093889474868774e-02,-4.175440788269042969e+00,9.619245678186416626e-02,0.000000000000000000e+00
6.525428295135498047e-01,-9.204299999999999982e-02,4.578499999999999931e-02,-1.130368000000000039e+00,-9.899999999999999404e-05,-2.702999999999999847e-02,-1.599999999999999928e-05,0.000000000000000000e+00,-1.248033404350280762e+00,-2.643973159790039062e+01,-2.093380546569824219e+01,-7.756093889474868774e-02,-4.175440788269042969e+00,9.619245678186416626e-02,0.000000000000000000e+00
7.026576995849609375e-01,-9.204299999999999982e-02,4.578499999999999931e-02,-1.130368000000000039e+00,-9.899999999999999404e-05,-2.702999999999999847e-02,-1.599999999999999928e-05,0.000000000000000000e+00,-1.248033404350280762e+00,-2.643973159790039062e+01,-2.093380546569824219e+01,-7.756093889474868774e-02,-4.175440788269042969e+00,9.619245678186416626e-02,0.000000000000000000e+00
7.531263828277587891e-01,-8.204100000000000281e-02,1.001500000000000029e-01,-1.108946999999999905e+00,-9.000000000000000567e-05,-1.470299999999999940e-01,-1.599999999999999928e-05,0.000000000000000000e+00,-1.217433333396911621e+00,-2.699053192138671875e+01,-2.023000526428222656e+01,-7.410091906785964966e-02,-3.971991300582885742e+00,9.828090667724609375e-02,0.000000000000000000e+00
8.032431602478027344e-01,-8.204100000000000281e-02,1.001500000000000029e-01,-1.108946999999999905e+00,-9.000000000000000567e-05,-1.470299999999999940e-01,-1.599999999999999928e-05,0.000000000000000000e+00,-1.217433333396911621e+00,-2.699053192138671875e+01,-2.023000526428222656e+01,-7.410091906785964966e-02,-3.971991300582885742e+00,9.828090667724609375e-02,0.000000000000000000e+00
8.537344932556152344e-01,-8.204100000000000281e-02,1.001500000000000029e-01,-1.108946999999999905e+00,-9.000000000000000567e-05,-1.470299999999999940e-01,-1.599999999999999928e-05,0.000000000000000000e+00,-1.217433333396911621e+00,-2.699053192138671875e+01,-2.023000526428222656e+01,-7.410091906785964966e-02,-3.971991300582885742e+00,9.828090667724609375e-02,0.000000000000000000e+00
9.038689136505126953e-01,-8.204100000000000281e-02,1.001500000000000029e-01,-1.108946999999999905e+00,-9.000000000000000567e-05,-1.470299999999999940e-01,-1.599999999999999928e-05,0.000000000000000000e+00,-1.217433333396911621e+00,-2.699053192138671875e+01,-2.023000526428222656e+01,-7.410091906785964966e-02,-3.971991300582885742e+00,9.828090667724609375e-02,0.000000000000000000e+00
9.543492794036865234e-01,-7.204000000000000681e-02,1.545140000000000124e-01,-1.087525000000000075e+00,-8.200000000000000095e-05,-2.670299999999999896e-01,-1.500000000000000038e-05,0.000000000000000000e+00,-1.722333431243896484e+00,-2.752603149414062500e+01,-1.850110626220703125e+01,-7.011944055557250977e-02,-3.955037117004394531e+00,1.001795455813407898e-01,0.000000000000000000e+00
1.004457950592041016e+00,-7.204000000000000681e-02,1.545140000000000124e-01,-1.087525000000000075e+00,-8.200000000000000095e-05,-2.670299999999999896e-01,-1.500000000000000038e-05,0.000000000000000000e+00,-1.722333431243896484e+00,-2.752603149414062500e+01,-1.850110626220703125e+01,-7.011944055557250977e-02,-3.955037117004394531e+00,1.001795455813407898e-01,0.000000000000000000e+00
1.054592847824096680e+00,-7.204000000000000681e-02,1.545140000000000124e-01,-1.087525000000000075e+00,-8.200000000000000095e-05,-2.670299999999999896e-01,-1.500000000000000038e-05,0.000000000000000000e+00,-1.722333431243896484e+00,-2.752603149414062500e+01,-1.850110626220703125e+01,-7.011944055557250977e-02,-3.955037117004394531e+00,1.001795455813407898e-01,0.000000000000000000e+00
1.105057477951049805e+00,-7.204000000000000681e-02,1.545140000000000124e-01,-1.087525000000000075e+00,-8.200000000000000095e-05,-2.670299999999999896e-01,-1.500000000000000038e-05,0.000000000000000000e+00,-1.722333431243896484e+00,-2.752603149414062500e+01,-1.850110626220703125e+01,-7.011944055557250977e-02,-3.955037117004394531e+00,1.001795455813407898e-01,0.000000000000000000e+00
1.155180454254150391e+00,-6.203800000000000286e-02,2.088790000000000091e-01,-1.066103999999999941e+00,-7.399999999999999623e-05,-3.870299999999999851e-01,-1.500000000000000038e-05,0.000000000000000000e+00,-1.462233424186706543e+00,-2.838283157348632812e+01,-1.952620697021484375e+01,-6.565340608358383179e-02,-3.971991300582885742e+00,1.018838509917259216e-01,0.000000000000000000e+00
1.205645084381103516e+00,-6.203800000000000286e-02,2.088790000000000091e-01,-1.066103999999999941e+00,-7.399999999999999623e-05,-3.870299999999999851e-01,-1.500000000000000038e-05,0.000000000000000000e+00,-1.462233424186706543e+00,-2.838283157348632812e+01,-1.952620697021484375e+01,-6.565340608358383179e-02,-3.971991300582885742e+00,1.018838509917259216e-01,0.000000000000000000e+00
1.255782365798950195e+00,-6.203800000000000286e-02,2.088790000000000091e-01,-1.066103999999999941e+00,-7.399999999999999623e-05,-3.870299999999999851e-01,-1.500000000000000038e-05,0.000000000000000000e+00,-1.462233424186706543e+00,-2.838283157348632812e+01,-1.952620697021484375e+01,-6.565340608358383179e-02,-3.971991300582885742e+00,1.018838509917259216e-01,0.000000000000000000e+00
1.306267499923706055e+00,-6.203800000000000286e-02,2.088790000000000091e-01,-1.066103999999999941e+00,-7.399999999999999623e-05,-3.870299999999999851e-01,-1.500000000000000038e-05,0.000000000000000000e+00,-1.462233424186706543e+00,-2.838283157348632812e+01,-1.952620697021484375e+01,-6.565340608358383179e-02,-3.971991300582885742e+00,1.018838509917259216e-01,0.000000000000000000e+00
1.356732130050659180e+00,-5.203699999999999992e-02,2.632439999999999780e-01,-1.044682000000000111e+00,-6.499999999999999431e-05,-5.070299999999999807e-01,-1.399999999999999979e-05,0.000000000000000000e+00,-1.737633347511291504e+00,-2.890303230285644531e+01,-1.865410614013671875e+01,-6.074483692646026611e-02,-3.870266437530517578e+00,1.033896282315254211e-01,0.000000000000000000e+00
1.407197237014770508e+00,-5.203699999999999992e-02,2.632439999999999780e-01,-1.044682000000000111e+00,-6.499999999999999431e-05,-5.070299999999999807e-01,-1.399999999999999979e-05,0.000000000000000000e+00,-1.737633347511291504e+00,-2.890303230285644531e+01,-1.865410614013671875e+01,-6.074483692646026611e-02,-3.870266437530517578e+00,1.033896282315254211e-01,0.000000000000000000e+00
1.457317829132080078e+00,-5.203699999999999992e-02,2.632439999999999780e-01,-1.044682000000000111e+00,-6.499999999999999431e-05,-5.070299999999999807e-01,-1.399999999999999979e-05,0.000000000000000000e+00,-1.737633347511291504e+00,-2.890303230285644531e+01,-1.865410614013671875e+01,-6.074483692646026611e-02,-3.870266437530517578e+00,1.033896282315254211e-01,0.000000000000000000e+00
1.507434368133544922e+00,-5.203699999999999992e-02,2.632439999999999780e-01,-1.044682000000000111e+00,-6.499999999999999431e-05,-5.070299999999999807e-01,-1.399999999999999979e-05,0.000000000000000000e+00,-1.737633347511291504e+00,-2.890303230285644531e+01,-1.865410614013671875e+01,-6.074483692646026611e-02,-3.870266437530517578e+00,1.033896282315254211e-01,0.000000000000000000e+00
1.557898521423339844e+00,-4.203500000000000292e-02,3.176080000000000014e-01,-1.023260000000000058e+00,-5.700000000000000314e-05,-6.270299999999999763e-01,-1.399999999999999979e-05,0.000000000000000000e+00,-1.538733363151550293e+00,-2.801563262939453125e+01,-1.784320640563964844e+01,-5.544006824493408203e-02,-3.904174804687500000e+00,1.046930998563766479e-01,0.000000000000000000e+00
1.608361959457397461e+00,-4.203500000000000292e-02,3.176080000000000014e-01,-1.023260000000000058e+00,-5.700000000000000314e-05,-6.270299999999999763e-01,-1.399999999999999979e-05,0.000000000000000000e+00,-1.538733363151550293e+00,-2.801563262939453125e+01,-1.784320640563964844e+01,-5.544006824493408203e-02,-3.904174804687500000e+00,1.046930998563766479e-01,0.000000000000000000e+00
1.658479452133178711e+00,-4.203500000000000292e-02,3.176080000000000014e-01,-1.023260000000000058e+00,-5.700000000000000314e-05,-6.270299999999999763e-01,-1.399999999999999979e-05,0.000000000000000000e+00,-1.538733363151550293e+00,-2.801563262939453125e+01,-1.784320640563964844e+01,-5.544006824493408203e-02,-3.904174804687500000e+00,1.046930998563766479e-01,0.000000000000000000e+00
1.708637714385986328e+00,-4.203500000000000292e-02,3.176080000000000014e-01,-1.023260000000000058e+00,-5.700000000000000314e-05,-6.270299999999999763e-01,-1.399999999999999979e-05,0.000000000000000000e+00,-1.538733363151550293e+00,-2.801563262939453125e+01,-1.784320640563964844e+01,-5.544006824493408203e-02,-3.904174804687500000e+00,1.046930998563766479e-01,0.000000000000000000e+00
1.758749723434448242e+00,-3.203399999999999997e-02,3.719729999999999981e-01,-1.001838999999999924e+00,-4.899999999999999842e-05,-7.470299999999999718e-01,-1.299999999999999920e-05,0.000000000000000000e+00,-1.324533343315124512e+00,-3.011173248291015625e+01,-1.804210662841796875e+01,-4.978886246681213379e-02,-3.921128988265991211e+00,1.057908907532691956e-01,0.000000000000000000e+00
1.808855056762695312e+00,-3.203399999999999997e-02,3.719729999999999981e-01,-1.001838999999999924e+00,-4.899999999999999842e-05,-7.470299999999999718e-01,-1.299999999999999920e-05,0.000000000000000000e+00,-1.324533343315124512e+00,-3.011173248291015625e+01,-1.804210662841796875e+01,-4.978886246681213379e-02,-3.921128988265991211e+00,1.057908907532691956e-01,0.000000000000000000e+00
1.858959913253784180e+00,-3.203399999999999997e-02,3.719729999999999981e-01,-1.001838999999999924e+00,-4.899999999999999842e-05,-7.470299999999999718e-01,-1.299999999999999920e-05,0.000000000000000000e+00,-1.324533343315124512e+00,-3.011173248291015625e+01,-1.804210662841796875e+01,-4.978886246681213379e-02,-3.921128988265991211e+00,1.057908907532691956e-01,0.000000000000000000e+00
1.909075975418090820e+00,-3.203399999999999997e-02,3.719729999999999981e-01,-1.001838999999999924e+00,-4.899999999999999842e-05,-7.470299999999999718e-01,-1.299999999999999920e-05,0.000000000000000000e+00,-1.324533343315124512e+00,-3.011173248291015625e+01,-1.804210662841796875e+01,-4.978886246681213379e-02,-3.921128988265991211e+00,1.057908907532691956e-01,0.000000000000000000e+00
1.959546566009521484e+00,-2.203199999999999950e-02,4.263379999999999947e-01,-9.804169999999999829e-01,-4.000000000000000327e-05,-8.670299999999999674e-01,-1.299999999999999920e-05,0.000000000000000000e+00,-1.798833370208740234e+00,-3.086143112182617188e+01,-1.709350585937500000e+01,-4.384348541498184204e-02,-3.887220621109008789e+00,1.066800430417060852e-01,0.000000000000000000e+00
2.010020971298217773e+00,-2.203199999999999950e-02,4.263379999999999947e-01,-9.804169999999999829e-01,-4.000000000000000327e-05,-8.670299999999999674e-01,-1.299999999999999920e-05,0.000000000000000000e+00,-1.798833370208740234e+00,-3.086143112182617188e+01,-1.709350585937500000e+01,-4.384348541498184204e-02,-3.887220621109008789e+00,1.066800430417060852e-01,0.000000000000000000e+00
2.060482740402221680e+00,-2.203199999999999950e-02,4.263379999999999947e-01,-9.804169999999999829e-01,-4.000000000000000327e-05,-8.670299999999999674e-01,-1.299999999999999920e-05,0.000000000000000000e+00,-1.798833370208740234e+00,-3.086143112182617188e+01,-1.709350585937500000e+01,-4.384348541498184204e-02,-3.887220621109008789e+00,1.066800430417060852e-01,0.000000000000000000e+00
2.110594511032104492e+00,-2.203199999999999950e-02,4.263379999999999947e-01,-9.804169999999999829e-01,-4.000000000000000327e-05,-8.670299999999999674e-01,-1.299999999999999920e-05,0.000000000000000000e+00,-1.798833370208740234e+00,-3.086143112182617188e+01,-1.709350585937500000e+01,-4.384348541498184204e-02,-3.887220621109008789e+00,1.066800430417060852e-01,0.000000000000000000e+00
2.161062479019165039e+00,-1.203100000000000003e-02,4.807020000000000182e-01,-9.589959999999999596e-01,-3.199999999999999855e-05,-9.870299999999999629e-01,-1.299999999999999920e-05,0.000000000000000000e+00,-1.370433330535888672e+00,-3.035653114318847656e+01,-1.611430549621582031e+01,-3.765771538019180298e-02,-3.717679500579833984e+00,1.073580309748649597e-01,0.000000000000000000e+00
2.211167573928833008e+00,-1.203100000000000003e-02,4.807020000000000182e-01,-9.589959999999999596e-01,-3.199999999999999855e-05,-9.870299999999999629e-01,-1.299999999999999920e-05,0.000000000000000000e+00,-1.370433330535888672e+00,-3.035653114318847656e+01,-1.611430549621582031e+01,-3.765771538019180298e-02,-3.717679500579833984e+00,1.073580309748649597e-01,0.000000000000000000e+00
2.261270523071289062e+00,-1.203100000000000003e-02,4.807020000000000182e-01,-9.589959999999999596e-01,-3.199999999999999855e-05,-9.870299999999999629e-01,-1.299999999999999920e-05,0.000000000000000000e+00,-1.370433330535888672e+00,-3.035653114318847656e+01,-1.611430549621582031e+01,-3.765771538019180298e-02,-3.717679500579833984e+00,1.073580309748649597e-01,0.000000000000000000e+00
2.311376571655273438e+00,-1.203100000000000003e-02,4.807020000000000182e-01,-9.589959999999999596e-01,-3.199999999999999855e-05,-9.870299999999999629e-01,-1.299999999999999920e-05,0.000000000000000000e+00,-1.370433330535888672e+00,-3.035653114318847656e+01,-1.611430549621582031e+01,-3.765771538019180298e-02,-3.717679500579833984e+00,1.073580309748649597e-01,0.000000000000000000e+00
2.361841440200805664e+00,-2.239000000000000105e-03,5.339270000000000405e-01,-9.380239999999999689e-01,-2.400000000000000061e-05,-1.104513000000000078e+00,-1.200000000000000030e-05,0.000000000000000000e+00,-1.751603841781616211e+00,-2.925430297851562500e+01,-1.550261878967285156e+01,4.454391822218894958e-02,-3.908099412918090820e+00,1.154277771711349487e-01,0.000000000000000000e+00
2.412021875381469727e+00,-2.239000000000000105e-03,5.339270000000000405e-01,-9.380239999999999689e-01,-2.400000000000000061e-05,-1.104513000000000078e+00,-1.200000000000000030e-05,0.000000000000000000e+00,-1.751603841781616211e+00,-2.925430297851562500e+01,-1.550261878967285156e+01,4.454391822218894958e-02,-3.908099412918090820e+00,1.154277771711349487e-01,0.000000000000000000e+00
2.462148189544677734e+00,-2.239000000000000105e-03,5.339270000000000405e-01,-9.380239999999999689e-01,-2.400000000000000061e-05,-1.104513000000000078e+00,-1.200000000000000030e-05,0.000000000000000000e+00,-1.751603841781616211e+00,-2.925430297851562500e+01,-1.550261878967285156e+01,4.454391822218894958e-02,-3.908099412918090820e+00,1.154277771711349487e-01,0.000000000000000000e+00
2.512272357940673828e+00,-2.239000000000000105e-03,5.339270000000000405e-01,-9.380239999999999689e-01,-2.400000000000000061e-05,-1.104513000000000078e+00,-1.200000000000000030e-05,0.000000000000000000e+00,-1.751603841781616211e+00,-2.925430297851562500e+01,-1.550261878967285156e+01,4.454391822218894958e-02,-3.908099412918090820e+00,1.154277771711349487e-01,0.000000000000000000e+00
2.562379121780395508e+00,-2.900000000000000017e-05,5.459399999999999809e-01,-9.332899999999999530e-01,-2.199999999999999943e-05,-1.131029999999999980e+00,-1.200000000000000030e-05,0.000000000000000000e+00,2.432699918746948242e+00,-2.451059913635253906e+01,-1.138319969177246094e+01,-3.283745050430297852e-02,-5.391411781311035156e+00,1.076627448201179504e-01,0.000000000000000000e+00
2.612499237060546875e+00,-2.900000000000000017e-05,5.459399999999999809e-01,-9.332899999999999530e-01,-2.199999999999999943e-05,-1.131029999999999980e+00,-1.200000000000000030e-05,0.000000000000000000e+00,2.432699918746948242e+00,-2.451059913635253906e+01,-1.138319969177246094e+01,-3.283745050430297852e-02,-5.391411781311035156e+00,1.076627448201179504e-01,0.000000000000000000e+00
2.662597417831420898e+00,-2.900000000000000017e-05,5.459399999999999809e-01,-9.332899999999999530e-01,-2.199999999999999943e-05,-1.131029999999999980e+00,-1.200000000000000030e-05,0.000000000000000000e+00,2.432699918746948242e+00,-2.451059913635253906e+01,-1.138319969177246094e+01,-3.283745050430297852e-02,-5.391411781311035156e+00,1.076627448201179504e-01,0.000000000000000000e+00
2.712704658508300781e+00,-2.900000000000000017e-05,5.459399999999999809e-01,-9.332899999999999530e-01,-2.199999999999999943e-05,-1.131029999999999980e+00,-1.200000000000000030e-05,0.000000000000000000e+00,2.432699918746948242e+00,-2.451059913635253906e+01,-1.138319969177246094e+01,-3.283745050430297852e-02,-5.391411781311035156e+00,1.076627448201179504e-01,0.000000000000000000e+00
2.762810707092285156e+00,-3.499999999999999693e-05,5.483160000000000256e-01,-9.285860000000000225e-01,-2.699999999999999899e-05,-1.130744999999999889e+00,-1.699999999999999987e-05,0.000000000000000000e+00,-1.605678582563996315e-03,-2.812118148803710938e+01,-1.397956848144531250e+01,-3.034267574548721313e-02,-3.674345016479492188e+00,1.042870804667472839e-01,0.000000000000000000e+00
2.812915563583374023e+00,-3.499999999999999693e-05,5.483160000000000256e-01,-9.285860000000000225e-01,-2.699999999999999899e-05,-1.130744999999999889e+00,-1.699999999999999987e-05,0.000000000000000000e+00,-1.605678582563996315e-03,-2.812118148803710938e+01,-1.397956848144531250e+01,-3.034267574548721313e-02,-3.674345016479492188e+00,1.042870804667472839e-01,0.000000000000000000e+00
2.863037824630737305e+00,-3.499999999999999693e-05,5.483160000000000256e-01,-9.285860000000000225e-01,-2.699999999999999899e-05,-1.130744999999999889e+00,-1.699999999999999987e-05,0.000000000000000000e+00,-1.605678582563996315e-03,-2.812118148803710938e+01,-1.397956848144531250e+01,-3.034267574548721313e-02,-3.674345016479492188e+00,1.042870804667472839e-01,0.000000000000000000e+00
2.913172006607055664e+00,-3.499999999999999693e-05,5.483160000000000256e-01,-9.285860000000000225e-01,-2.699999999999999899e-05,-1.130744999999999889e+00,-1.699999999999999987e-05,0.000000000000000000e+00,-1.605678582563996315e-03,-2.812118148803710938e+01,-1.397956848144531250e+01,-3.034267574548721313e-02,-3.674345016479492188e+00,1.042870804667472839e-01,0.000000000000000000e+00
2.963275194168090820e+00,7.999999999999999638e-06,5.605949999999999545e-01,-9.124670000000000281e-01,-2.699999999999999899e-05,-1.130327000000000082e+00,-1.699999999999999987e-05,0.000000000000000000e+00,-9.071078896522521973e-02,-2.913122367858886719e+01,-1.408903694152832031e+01,-1.744304411113262177e-02,-2.633950948715209961e+00,6.943888962268829346e-02,0.000000000000000000e+00
3.013375759124755859e+00,7.999999999999999638e-06,5.605949999999999545e-01,-9.124670000000000281e-01,-2.699999999999999899e-05,-1.130327000000000082e+00,-1.699999999999999987e-05,0.000000000000000000e+00,-9.071078896522521973e-02,-2.913122367858886719e+01,-1.408903694152832031e+01,-1.744304411113262177e-02,-2.633950948715209961e+00,6.943888962268829346e-02,0.000000000000000000e+00
3.063485622406005859e+00,7.999999999999999638e-06,5.605949999999999545e-01,-9.124670000000000281e-01,-2.699999999999999899e-05,-1.130327000000000082e+00,-1.699999999999999987e-05,0.000000000000000000e+00,-9.071078896522521973e-02,-2.913122367858886719e+01,-1.408903694152832031e+01,-1.744304411113262177e-02,-2.633950948715209961e+00,6.943888962268829346e-02,0.000000000000000000e+00
3.113614797592163086e+00,7.999999999999999638e-06,5.605949999999999545e-01,-9.124670000000000281e-01,-2.699999999999999899e-05,-1.130327000000000082e+00,-1.699999999999999987e-05,0.000000000000000000e+00,-9.071078896522521973e-02,-2.913122367858886719e+01,-1.408903694152832031e+01,-1.744304411113262177e-02,-2.633950948715209961e+00,6.943888962268829346e-02,0.000000000000000000e+00
3.163751602172851562e+00,8.630000000000000518e-04,5.850560000000000205e-01,-9.075889999999999791e-01,-2.699999999999999899e-05,-1.130222000000000060e+00,-1.699999999999999987e-05,0.000000000000000000e+00,1.683912873268127441e+00,-2.874155807495117188e+01,-1.349714756011962891e+01,-3.252424597740173340e-01,-3.873725175857543945e+00,1.016375869512557983e-01,0.000000000000000000e+00
3.213883638381958008e+00,8.630000000000000518e-04,5.850560000000000205e-01,-9.075889999999999791e-01,-2.699999999999999899e-05,-1.130222000000000060e+00,-1.699999999999999987e-05,0.000000000000000000e+00,1.683912873268127441e+00,-2.874155807495117188e+01,-1.349714756011962891e+01,-3.252424597740173340e-01,-3.873725175857543945e+00,1.016375869512557983e-01,0.000000000000000000e+00
3.264009952545166016e+00,8.630000000000000518e-04,5.850560000000000205e-01,-9.075889999999999791e-01,-2.699999999999999899e-05,-1.130222000000000060e+00,-1.699999999999999987e-05,0.000000000000000000e+00,1.683912873268127441e+00,-2.874155807495117188e+01,-1.349714756011962891e+01,-3.252424597740173340e-01,-3.873725175857543945e+00,1.016375869512557983e-01,0.000000000000000000e+00
3.314107418060302734e+00,8.630000000000000518e-04,5.850560000000000205e-01,-9.075889999999999791e-01,-2.699999999999999899e-05,-1.130222000000000060e+00,-1.699999999999999987e-05,0.000000000000000000e+00,1.683912873268127441e+00,-2.874155807495117188e+01,-1.349714756011962891e+01,-3.252424597740173340e-01,-3.873725175857543945e+00,1.016375869512557983e-01,0.000000000000000000e+00
3.364210367202758789e+00,3.343499999999999944e-02,5.926439999999999486e-01,-8.903050000000000130e-01,-2.699999999999999899e-05,-1.130222000000000060e+00,-1.699999999999999987e-05,0.000000000000000000e+00,1.228425025939941406e+00,-2.510729980468750000e+01,-1.310576629638671875e+01,2.950567007064819336e-02,-3.491073608398437500e+00,8.659168332815170288e-02,0.000000000000000000e+00
3.414344072341918945e+00,3.343499999999999944e-02,5.926439999999999486e-01,-8.903050000000000130e-01,-2.699999999999999899e-05,-1.130222000000000060e+00,-1.699999999999999987e-05,0.000000000000000000e+00,1.228425025939941406e+00,-2.510729980468750000e+01,-1.310576629638671875e+01,2.950567007064819336e-02,-3.491073608398437500e+00,8.659168332815170288e-02,0.000000000000000000e+00
3.464466094970703125e+00,3.343499999999999944e-02,5.926439999999999486e-01,-8.903050000000000130e-01,-2.699999999999999899e-05,-1.130222000000000060e+00,-1.699999999999999987e-05,0.000000000000000000e+00,1.228425025939941406e+00,-2.510729980468750000e+01,-1.310576629638671875e+01,2.950567007064819336e-02,-3.491073608398437500e+00,8.659168332815170288e-02,0.000000000000000000e+00
3.514577388763427734e+00,3.343499999999999944e-02,5.926439999999999486e-01,-8.903050000000000130e-01,-2.699999999999999899e-05,-1.130222000000000060e+00,-1.699999999999999987e-05,0.000000000000000000e+00,1.228425025939941406e+00,-2.510729980468750000e+01,-1.310576629638671875e+01,2.950567007064819336e-02,-3.491073608398437500e+00,8.659168332815170288e-02,0.000000000000000000e+00
3.564697265625000000e+00,1.145160000000000067e-01,5.926820000000000421e-01,-8.619820000000000260e-01,-2.699999999999999899e-05,-1.130222000000000060e+00,-1.699999999999999987e-05,0.000000000000000000e+00,-1.366141915321350098e+00,-2.947189140319824219e+01,-1.325103282928466797e+01,-4.761734306812286377e-01,-3.915759563446044922e+00,9.894026070833206177e-02,0.000000000000000000e+00
3.614815235137939453e+00,1.145160000000000067e-01,5.926820000000000421e-01,-8.619820000000000260e-01,-2.699999999999999899e-05,-1.130222000000000060e+00,-1.699999999999999987e-05,0.000000000000000000e+00,-1.366141915321350098e+00,-2.947189140319824219e+01,-1.325103282928466797e+01,-4.761734306812286377e-01,-3.915759563446044922e+00,9.894026070833206177e-02,0.000000000000000000e+00
3.664934873580932617e+00,1.145160000000000067e-01,5.926820000000000421e-01,-8.619820000000000260e-01,-2.699999999999999899e-05,-1.130222000000000060e+00,-1.699999999999999987e-05,0.000000000000000000e+00,-1.366141915321350098e+00,-2.947189140319824219e+01,-1.325103282928466797e+01,-4.761734306812286377e-01,-3.915759563446044922e+00,9.894026070833206177e-02,0.000000000000000000e+00
3.715052843093872070e+00,1.145160000000000067e-01,5.926820000000000421e-01,-8.619820000000000260e-01,-2.699999999999999899e-05,-1.130222000000000060e+00,-1.699999999999999987e-05,0.000000000000000000e+00,-1.366141915321350098e+00,-2.947189140319824219e+01,-1.325103282928466797e+01,-4.761734306812286377e-01,-3.915759563446044922e+00,9.894026070833206177e-02,0.000000000000000000e+00
3.765175819396972656e+00,2.197850000000000081e-01,5.978860000000000285e-01,-8.277719999999999523e-01,-2.900000000000000017e-05,-1.130128000000000021e+00,-1.699999999999999987e-05,0.000000000000000000e+00,-2.388984680175781250e+00,-2.724592208862304688e+01,-1.237933921813964844e+01,2.015001773834228516e-01,-2.889912128448486328e+00,5.887968093156814575e-02,0.000000000000000000e+00
3.815291166305541992e+00,2.197850000000000081e-01,5.978860000000000285e-01,-8.277719999999999523e-01,-2.900000000000000017e-05,-1.130128000000000021e+00,-1.699999999999999987e-05,0.000000000000000000e+00,-2.388984680175781250e+00,-2.724592208862304688e+01,-1.237933921813964844e+01,2.015001773834228516e-01,-2.889912128448486328e+00,5.887968093156814575e-02,0.000000000000000000e+00
3.865407705307006836e+00,2.197850000000000081e-01,5.978860000000000285e-01,-8.277719999999999523e-01,-2.900000000000000017e-05,-1.130128000000000021e+00,-1.699999999999999987e-05,0.000000000000000000e+00,-2.388984680175781250e+00,-2.724592208862304688e+01,-1.237933921813964844e+01,2.015001773834228516e-01,-2.889912128448486328e+00,5.887968093156814575e-02,0.000000000000000000e+00
3.915529489517211914e+00,2.197850000000000081e-01,5.978860000000000285e-01,-8.277719999999999523e-01,-2.900000000000000017e-05,-1.130128000000000021e+00,-1.699999999999999987e-05,0.000000000000000000e+00,-2.388984680175781250e+00,-2.724592208862304688e+01,-1.237933921813964844e+01,2.015001773834228516e-01,-2.889912128448486328e+00,5.887968093156814575e-02,0.000000000000000000e+00
3.965646743774414062e+00,3.307950000000000057e-01,6.057399999999999451e-01,-7.944290000000000518e-01,-3.100000000000000135e-05,-1.129844000000000070e+00,-1.699999999999999987e-05,0.000000000000000000e+00,-3.840785264968872070e+00,-2.279700088500976562e+01,-1.251877975463867188e+01,1.335072964429855347e-01,-4.133652210235595703e+00,1.064318269491195679e-01,0.000000000000000000e+00
4.015758752822875977e+00,3.307950000000000057e-01,6.057399999999999451e-01,-7.944290000000000518e-01,-3.100000000000000135e-05,-1.129844000000000070e+00,-1.699999999999999987e-05,0.000000000000000000e+00,-3.840785264968872070e+00,-2.279700088500976562e+01,-1.251877975463867188e+01,1.335072964429855347e-01,-4.133652210235595703e+00,1.064318269491195679e-01,0.000000000000000000e+00
4.065864801406860352e+00,3.307950000000000057e-01,6.057399999999999451e-01,-7.944290000000000518e-01,-3.100000000000000135e-05,-1.129844000000000070e+00,-1.699999999999999987e-05,0.000000000000000000e+00,-3.840785264968872070e+00,-2.279700088500976562e+01,-1.251877975463867188e+01,1.335072964429855347e-01,-4.133652210235595703e+00,1.064318269491195679e-01,0.000000000000000000e+00
4.115983486175537109e+00,3.307950000000000057e-01,6.057399999999999451e-01,-7.944290000000000518e-01,-3.100000000000000135e-05,-1.129844000000000070e+00,-1.699999999999999987e-05,0.000000000000000000e+00,-3.840785264968872070e+00,-2.279700088500976562e+01,-1.251877975463867188e+01,1.335072964429855347e-01,-4.133652210235595703e+00,1.064318269491195679e-01,0.000000000000000000e+00
4.166084051132202148e+00,4.385729999999999906e-01,6.057399999999999451e-01,-7.936469999999999914e-01,-3.100000000000000135e-05,-1.129844000000000070e+00,-1.699999999999999987e-05,0.000000000000000000e+00,-2.142126560211181641e+00,-2.112929916381835938e+01,-8.583299636840820312e+00,-2.408580482006072998e-02,-4.114892482757568359e+00,1.038160100579261780e-01,0.000000000000000000e+00
4.216207742691040039e+00,4.385729999999999906e-01,6.057399999999999451e-01,-7.936469999999999914e-01,-3.100000000000000135e-05,-1.129844000000000070e+00,-1.699999999999999987e-05,0.000000000000000000e+00,-2.142126560211181641e+00,-2.112929916381835938e+01,-8.583299636840820312e+00,-2.408580482006072998e-02,-4.114892482757568359e+00,1.038160100579261780e-01,0.000000000000000000e+00
4.266324996948242188e+00,4.385729999999999906e-01,6.057399999999999451e-01,-7.936469999999999914e-01,-3.100000000000000135e-05,-1.129844000000000070e+00,-1.699999999999999987e-05,0.000000000000000000e+00,-2.142126560211181641e+00,-2.112929916381835938e+01,-8.583299636840820312e+00,-2.408580482006072998e-02,-4.114892482757568359e+00,1.038160100579261780e-01,0.000000000000000000e+00
4.316442728042602539e+00,4.385729999999999906e-01,6.057399999999999451e-01,-7.936469999999999914e-01,-3.100000000000000135e-05,-1.129844000000000070e+00,-1.699999999999999987e-05,0.000000000000000000e+00,-2.142126560211181641e+00,-2.112929916381835938e+01,-8.583299636840820312e+00,-2.408580482006072998e-02,-4.114892482757568359e+00,1.038160100579261780e-01,0.000000000000000000e+00
4.366561889648437500e+00,5.463219999999999743e-01,6.020299999999999541e-01,-8.043620000000000214e-01,-3.300000000000000253e-05,-1.129844000000000070e+00,-1.699999999999999987e-05,0.000000000000000000e+00,-3.171386241912841797e+00,-3.201300048828125000e+01,-1.087451362609863281e+01,2.856298089027404785e-01,-4.487910747528076172e+00,1.237898468971252441e-01,0.000000000000000000e+00
4.416682958602905273e+00,5.463219999999999743e-01,6.020299999999999541e-01,-8.043620000000000214e-01,-3.300000000000000253e-05,-1.129844000000000070e+00,-1.699999999999999987e-05,0.000000000000000000e+00,-3.171386241912841797e+00,-3.201300048828125000e+01,-1.087451362609863281e+01,2.856298089027404785e-01,-4.487910747528076172e+00,1.237898468971252441e-01,0.000000000000000000e+00
4.466802835464477539e+00,5.463219999999999743e-01,6.020299999999999541e-01,-8.043620000000000214e-01,-3.300000000000000253e-05,-1.129844000000000070e+00,-1.699999999999999987e-05,0.000000000000000000e+00,-3.171386241912841797e+00,-3.201300048828125000e+01,-1.087451362609863281e+01,2.856298089027404785e-01,-4.487910747528076172e+00,1.237898468971252441e-01,0.000000000000000000e+00
4.516919374465942383e+00,5.463219999999999743e-01,6.020299999999999541e-01,-8.043620000000000214e-01,-3.300000000000000253e-05,-1.129844000000000070e+00,-1.699999999999999987e-05,0.000000000000000000e+00,-3.171386241912841797e+00,-3.201300048828125000e+01,-1.087451362609863281e+01,2.856298089027404785e-01,-4.487910747528076172e+00,1.237898468971252441e-01,0.000000000000000000e+00
4.567040205001831055e+00,5.971919999999999451e-01,5.638319999999999999e-01,-8.805779999999999719e-01,-3.300000000000000253e-05,-1.129844000000000070e+00,-1.699999999999999987e-05,0.000000000000000000e+00,-3.575794696807861328e+00,-3.509429168701171875e+01,-1.228590869903564453e+01,5.121181607246398926e-01,-4.097851753234863281e+00,1.207845807075500488e-01,0.000000000000000000e+00
4.617158412933349609e+00,5.971919999999999451e-01,5.638319999999999999e-01,-8.805779999999999719e-01,-3.300000000000000253e-05,-1.129844000000000070e+00,-1.699999999999999987e-05,0.000000000000000000e+00,-3.575794696807861328e+00,-3.509429168701171875e+01,-1.228590869903564453e+01,5.121181607246398926e-01,-4.097851753234863281e+00,1.207845807075500488e-01,0.000000000000000000e+00
4.667272806167602539e+00,5.971919999999999451e-01,5.638319999999999999e-01,-8.805779999999999719e-01,-3.300000000000000253e-05,-1.129844000000000070e+00,-1.699999999999999987e-05,0.000000000000000000e+00,-3.575794696807861328e+00,-3.509429168701171875e+01,-1.228590869903564453e+01,5.121181607246398926e-01,-4.097851753234863281e+00,1.207845807075500488e-01,0.000000000000000000e+00
4.717408657073974609e+00,5.971919999999999451e-01,5.638319999999999999e-01,-8.805779999999999719e-01,-3.300000000000000253e-05,-1.129844000000000070e+00,-1.699999999999999987e-05,0.000000000000000000e+00,-3.575794696807861328e+00,-3.509429168701171875e+01,-1.228590869903564453e+01,5.121181607246398926e-01,-4.097851753234863281e+00,1.207845807075500488e-01,0.000000000000000000e+00
4.767547130584716797e+00,5.998130000000000406e-01,4.809050000000000269e-01,-1.033684000000000047e+00,-3.300000000000000253e-05,-1.129844000000000070e+00,-1.699999999999999987e-05,0.000000000000000000e+00,2.356199979782104492e+00,-3.504587554931640625e+01,-1.408625602722167969e+01,6.732434779405593872e-02,-3.814678192138671875e+00,-8.606997132301330566e-02,0.000000000000000000e+00
4.817667007446289062e+00,5.998130000000000406e-01,4.809050000000000269e-01,-1.033684000000000047e+00,-3.300000000000000253e-05,-1.129844000000000070e+00,-1.699999999999999987e-05,0.000000000000000000e+00,2.356199979782104492e+00,-3.504587554931640625e+01,-1.408625602722167969e+01,6.732434779405593872e-02,-3.814678192138671875e+00,-8.606997132301330566e-02,0.000000000000000000e+00
4.867781639099121094e+00,5.998130000000000406e-01,4.809050000000000269e-01,-1.033684000000000047e+00,-3.300000000000000253e-05,-1.129844000000000070e+00,-1.699999999999999987e-05,0.000000000000000000e+00,2.356199979782104492e+00,-3.504587554931640625e+01,-1.408625602722167969e+01,6.732434779405593872e-02,-3.814678192138671875e+00,-8.606997132301330566e-02,0.000000000000000000e+00
4.917898178100585938e+00,5.998130000000000406e-01,4.809050000000000269e-01,-1.033684000000000047e+00,-3.300000000000000253e-05,-1.129844000000000070e+00,-1.699999999999999987e-05,0.000000000000000000e+00,2.356199979782104492e+00,-3.504587554931640625e+01,-1.408625602722167969e+01,6.732434779405593872e-02,-3.814678192138671875e+00,-8.606997132301330566e-02,0.000000000000000000e+00
4.968014240264892578e+00,5.974390000000000533e-01,4.023979999999999779e-01,-1.213173999999999975e+00,-3.300000000000000253e-05,-1.129844000000000070e+00,-1.699999999999999987e-05,0.000000000000000000e+00,2.231206446886062622e-01,-3.311589050292968750e+01,-1.393269157409667969e+01,-9.771030396223068237e-02,-1.774575948715209961e+00,6.630006432533264160e-02,0.000000000000000000e+00
5.018417119979858398e+00,5.974390000000000533e-01,4.023979999999999779e-01,-1.213173999999999975e+00,-3.300000000000000253e-05,-1.129844000000000070e+00,-1.699999999999999987e-05,0.000000000000000000e+00,2.231206446886062622e-01,-3.311589050292968750e+01,-1.393269157409667969e+01,-9.771030396223068237e-02,-1.774575948715209961e+00,6.630006432533264160e-02,0.000000000000000000e+00
5.068516731262207031e+00,5.974390000000000533e-01,4.023979999999999779e-01,-1.213173999999999975e+00,-3.300000000000000253e-05,-1.129844000000000070e+00,-1.699999999999999987e-05,0.000000000000000000e+00,2.231206446886062622e-01,-3.311589050292968750e+01,-1.393269157409667969e+01,-9.771030396223068237e-02,-1.774575948715209961e+00,6.630006432533264160e-02,0.000000000000000000e+00
5.118630886077880859e+00,5.974390000000000533e-01,4.023979999999999779e-01,-1.213173999999999975e+00,-3.300000000000000253e-05,-1.129844000000000070e+00,-1.699999999999999987e-05,0.000000000000000000e+00,2.231206446886062622e-01,-3.311589050292968750e+01,-1.393269157409667969e+01,-9.771030396223068237e-02,-1.774575948715209961e+00,6.630006432533264160e-02,0.000000000000000000e+00
5.168753623962402344e+00,5.749360000000000026e-01,3.553290000000000060e-01,-1.368425999999999920e+00,-3.300000000000000253e-05,-1.129844000000000070e+00,-1.699999999999999987e-05,0.000000000000000000e+00,-4.883242249488830566e-01,-3.112452507019042969e+01,-1.515956401824951172e+01,1.840531527996063232e-01,-4.776235580444335938e+00,2.216400355100631714e-01,0.000000000000000000e+00
5.218866586685180664e+00,5.749360000000000026e-01,3.553290000000000060e-01,-1.368425999999999920e+00,-3.300000000000000253e-05,-1.129844000000000070e+00,-1.699999999999999987e-05,0.000000000000000000e+00,-4.883242249488830566e-01,-3.112452507019042969e+01,-1.515956401824951172e+01,1.840531527996063232e-01,-4.776235580444335938e+00,2.216400355100631714e-01,0.000000000000000000e+00
5.268985271453857422e+00,5.749360000000000026e-01,3.553290000000000060e-01,-1.368425999999999920e+00,-3.300000000000000253e-05,-1.129844000000000070e+00,-1.699999999999999987e-05,0.000000000000000000e+00,-4.883242249488830566e-01,-3.112452507019042969e+01,-1.515956401824951172e+01,1.840531527996063232e-01,-4.776235580444335938e+00,2.216400355100631714e-01,0.000000000000000000e+00
5.319121837615966797e+00,5.749360000000000026e-01,3.553290000000000060e-01,-1.368425999999999920e+00,-3.300000000000000253e-05,-1.129844000000000070e+00,-1.699999999999999987e-05,0.000000000000000000e+00,-4.883242249488830566e-01,-3.112452507019042969e+01,-1.515956401824951172e+01,1.840531527996063232e-01,-4.776235580444335938e+00,2.216400355100631714e-01,0.000000000000000000e+00
5.369242191314697266e+00,4.932190000000000185e-01,3.461980000000000057e-01,-1.472526000000000002e+00,-3.300000000000000253e-05,-1.129845999999999906e+00,-1.699999999999999987e-05,0.000000000000000000e+00,-3.339380919933319092e-01,-3.422610092163085938e+01,-1.588610649108886719e+01,4.124664664268493652e-01,-1.072663545608520508e+00,7.349499315023422241e-02,0.000000000000000000e+00
5.419356584548950195e+00,4.932190000000000185e-01,3.461980000000000057e-01,-1.472526000000000002e+00,-3.300000000000000253e-05,-1.129845999999999906e+00,-1.699999999999999987e-05,0.000000000000000000e+00,-3.339380919933319092e-01,-3.422610092163085938e+01,-1.588610649108886719e+01,4.124664664268493652e-01,-1.072663545608520508e+00,7.349499315023422241e-02,0.000000000000000000e+00
5.469465970993041992e+00,4.932190000000000185e-01,3.461980000000000057e-01,-1.472526000000000002e+00,-3.300000000000000253e-05,-1.129845999999999906e+00,-1.699999999999999987e-05,0.000000000000000000e+00,-3.339380919933319092e-01,-3.422610092163085938e+01,-1.588610649108886719e+01,4.124664664268493652e-01,-1.072663545608520508e+00,7.349499315023422241e-02,0.000000000000000000e+00
5.519598722457885742e+00,4.932190000000000185e-01,3.461980000000000057e-01,-1.472526000000000002e+00,-3.300000000000000253e-05,-1.129845999999999906e+00,-1.699999999999999987e-05,0.000000000000000000e+00,-3.339380919933319092e-01,-3.422610092163085938e+01,-1.588610649108886719e+01,4.124664664268493652e-01,-1.072663545608520508e+00,7.349499315023422241e-02,0.000000000000000000e+00
5.569723844528198242e+00,3.715930000000000066e-01,3.446009999999999907e-01,-1.536558000000000090e+00,-3.300000000000000253e-05,-1.129847999999999963e+00,-1.699999999999999987e-05,0.000000000000000000e+00,1.354352116584777832e+00,-3.511653518676757812e+01,-1.723430061340332031e+01,-2.482421323657035828e-02,-1.484262824058532715e+00,9.434211999177932739e-02,0.000000000000000000e+00
5.619845867156982422e+00,3.715930000000000066e-01,3.446009999999999907e-01,-1.536558000000000090e+00,-3.300000000000000253e-05,-1.129847999999999963e+00,-1.699999999999999987e-05,0.000000000000000000e+00,1.354352116584777832e+00,-3.511653518676757812e+01,-1.723430061340332031e+01,-2.482421323657035828e-02,-1.484262824058532715e+00,9.434211999177932739e-02,0.000000000000000000e+00
5.669963121414184570e+00,3.715930000000000066e-01,3.446009999999999907e-01,-1.536558000000000090e+00,-3.300000000000000253e-05,-1.129847999999999963e+00,-1.699999999999999987e-05,0.000000000000000000e+00,1.354352116584777832e+00,-3.511653518676757812e+01,-1.723430061340332031e+01,-2.482421323657035828e-02,-1.484262824058532715e+00,9.434211999177932739e-02,0.000000000000000000e+00
5.720092535018920898e+00,3.715930000000000066e-01,3.446009999999999907e-01,-1.536558000000000090e+00,-3.300000000000000253e-05,-1.129847999999999963e+00,-1.699999999999999987e-05,0.000000000000000000e+00,1.354352116584777832e+00,-3.511653518676757812e+01,-1.723430061340332031e+01,-2.482421323657035828e-02,-1.484262824058532715e+00,9.434211999177932739e-02,0.000000000000000000e+00
5.770211696624755859e+00,2.312510000000000121e-01,3.245160000000000267e-01,-1.577779999999999960e+00,-3.300000000000000253e-05,-1.130133999999999972e+00,-1.699999999999999987e-05,0.000000000000000000e+00,2.847963094711303711e+00,-3.227696609497070312e+01,-1.734137153625488281e+01,2.633333802223205566e-01,-4.915258884429931641e-01,6.168578937649726868e-02,0.000000000000000000e+00
5.820669889450073242e+00,2.312510000000000121e-01,3.245160000000000267e-01,-1.577779999999999960e+00,-3.300000000000000253e-05,-1.130133999999999972e+00,-1.699999999999999987e-05,0.000000000000000000e+00,2.847963094711303711e+00,-3.227696609497070312e+01,-1.734137153625488281e+01,2.633333802223205566e-01,-4.915258884429931641e-01,6.168578937649726868e-02,0.000000000000000000e+00
5.870787620544433594e+00,2.312510000000000121e-01,3.245160000000000267e-01,-1.577779999999999960e+00,-3.300000000000000253e-05,-1.130133999999999972e+00,-1.699999999999999987e-05,0.000000000000000000e+00,2.847963094711303711e+00,-3.227696609497070312e+01,-1.734137153625488281e+01,2.633333802223205566e-01,-4.915258884429931641e-01,6.168578937649726868e-02,0.000000000000000000e+00
5.921255350112915039e+00,2.312510000000000121e-01,3.245160000000000267e-01,-1.577779999999999960e+00,-3.300000000000000253e-05,-1.130133999999999972e+00,-1.699999999999999987e-05,0.000000000000000000e+00,2.847963094711303711e+00,-3.227696609497070312e+01,-1.734137153625488281e+01,2.633333802223205566e-01,-4.915258884429931641e-01,6.168578937649726868e-02,0.000000000000000000e+00
5.971375465393066406e+00,9.568400000000000516e-02,3.031630000000000158e-01,-1.578551000000000037e+00,-3.300000000000000253e-05,-1.140870999999999968e+00,-1.699999999999999987e-05,0.000000000000000000e+00,3.536375999450683594e+00,-2.974635505676269531e+01,-1.748666191101074219e+01,6.149442866444587708e-02,-4.776784181594848633e-01,6.592974811792373657e-02,0.000000000000000000e+00
6.021489620208740234e+00,9.568400000000000516e-02,3.031630000000000158e-01,-1.578551000000000037e+00,-3.300000000000000253e-05,-1.140870999999999968e+00,-1.699999999999999987e-05,0.000000000000000000e+00,3.536375999450683594e+00,-2.974635505676269531e+01,-1.748666191101074219e+01,6.149442866444587708e-02,-4.776784181594848633e-01,6.592974811792373657e-02,0.000000000000000000e+00
6.071606159210205078e+00,9.568400000000000516e-02,3.031630000000000158e-01,-1.578551000000000037e+00,-3.300000000000000253e-05,-1.140870999999999968e+00,-1.699999999999999987e-05,0.000000000000000000e+00,3.536375999450683594e+00,-2.974635505676269531e+01,-1.748666191101074219e+01,6.149442866444587708e-02,-4.776784181594848633e-01,6.592974811792373657e-02,0.000000000000000000e+00
6.121862411499023438e+00,9.568400000000000516e-02,3.031630000000000158e-01,-1.578551000000000037e+00,-3.300000000000000253e-05,-1.140870999999999968e+00,-1.699999999999999987e-05,0.000000000000000000e+00,3.536375999450683594e+00,-2.974635505676269531e+01,-1.748666191101074219e+01,6.149442866444587708e-02,-4.776784181594848633e-01,6.592974811792373657e-02,0.000000000000000000e+00
6.171983242034912109e+00,-1.103699999999999994e-02,3.031260000000000066e-01,-1.578289999999999971e+00,-3.300000000000000253e-05,-1.171724999999999905e+00,-1.699999999999999987e-05,0.000000000000000000e+00,3.281249046325683594e+00,-3.779100036621093750e+01,-1.869761276245117188e+01,3.657343626022338867e+00,-3.504751920700073242e-01,9.646715223789215088e-02,0.000000000000000000e+00
6.222428798675537109e+00,-1.103699999999999994e-02,3.031260000000000066e-01,-1.578289999999999971e+00,-3.300000000000000253e-05,-1.171724999999999905e+00,-1.699999999999999987e-05,0.000000000000000000e+00,3.281249046325683594e+00,-3.779100036621093750e+01,-1.869761276245117188e+01,3.657343626022338867e+00,-3.504751920700073242e-01,9.646715223789215088e-02,0.000000000000000000e+00
6.272545576095581055e+00,-1.103699999999999994e-02,3.031260000000000066e-01,-1.578289999999999971e+00,-3.300000000000000253e-05,-1.171724999999999905e+00,-1.699999999999999987e-05,0.000000000000000000e+00,3.281249046325683594e+00,-3.779100036621093750e+01,-1.869761276245117188e+01,3.657343626022338867e+00,-3.504751920700073242e-01,9.646715223789215088e-02,0.000000000000000000e+00
6.322665929794311523e+00,-1.103699999999999994e-02,3.031260000000000066e-01,-1.578289999999999971e+00,-3.300000000000000253e-05,-1.171724999999999905e+00,-1.699999999999999987e-05,0.000000000000000000e+00,3.281249046325683594e+00,-3.779100036621093750e+01,-1.869761276245117188e+01,3.657343626022338867e+00,-3.504751920700073242e-01,9.646715223789215088e-02,0.000000000000000000e+00
6.372785091400146484e+00,-8.907800000000000440e-02,3.032219999999999915e-01,-1.576586999999999961e+00,-3.300000000000000253e-05,-1.181002000000000107e+00,-1.699999999999999987e-05,0.000000000000000000e+00,2.418565034866333008e+00,-2.995182418823242188e+01,-1.880474662780761719e+01,-1.090521365404129028e-01,-2.034495115280151367e+00,6.891824305057525635e-02,0.000000000000000000e+00
6.422901391983032227e+00,-8.907800000000000440e-02,3.032219999999999915e-01,-1.576586999999999961e+00,-3.300000000000000253e-05,-1.181002000000000107e+00,-1.699999999999999987e-05,0.000000000000000000e+00,2.418565034866333008e+00,-2.995182418823242188e+01,-1.880474662780761719e+01,-1.090521365404129028e-01,-2.034495115280151367e+00,6.891824305057525635e-02,0.000000000000000000e+00
6.473017454147338867e+00,-8.907800000000000440e-02,3.032219999999999915e-01,-1.576586999999999961e+00,-3.300000000000000253e-05,-1.181002000000000107e+00,-1.699999999999999987e-05,0.000000000000000000e+00,2.418565034866333008e+00,-2.995182418823242188e+01,-1.880474662780761719e+01,-1.090521365404129028e-01,-2.034495115280151367e+00,6.891824305057525635e-02,0.000000000000000000e+00
6.523148536682128906e+00,-8.907800000000000440e-02,3.032219999999999915e-01,-1.576586999999999961e+00,-3.300000000000000253e-05,-1.181002000000000107e+00,-1.699999999999999987e-05,0.000000000000000000e+00,2.418565034866333008e+00,-2.995182418823242188e+01,-1.880474662780761719e+01,-1.090521365404129028e-01,-2.034495115280151367e+00,6.891824305057525635e-02,0.000000000000000000e+00
6.573268890380859375e+00,-1.422190000000000121e-01,3.069990000000000219e-01,-1.559878000000000098e+00,-3.300000000000000253e-05,-1.181459000000000037e+00,-1.699999999999999987e-05,0.000000000000000000e+00,1.611648321151733398e+00,-2.895990753173828125e+01,-1.711503219604492188e+01,-2.256645858287811279e-01,-4.952964782714843750e-01,6.442066282033920288e-02,0.000000000000000000e+00
6.623385906219482422e+00,-1.422190000000000121e-01,3.069990000000000219e-01,-1.559878000000000098e+00,-3.300000000000000253e-05,-1.181459000000000037e+00,-1.699999999999999987e-05,0.000000000000000000e+00,1.611648321151733398e+00,-2.895990753173828125e+01,-1.711503219604492188e+01,-2.256645858287811279e-01,-4.952964782714843750e-01,6.442066282033920288e-02,0.000000000000000000e+00
6.673502922058105469e+00,-1.422190000000000121e-01,3.069990000000000219e-01,-1.559878000000000098e+00,-3.300000000000000253e-05,-1.181459000000000037e+00,-1.699999999999999987e-05,0.000000000000000000e+00,1.611648321151733398e+00,-2.895990753173828125e+01,-1.711503219604492188e+01,-2.256645858287811279e-01,-4.952964782714843750e-01,6.442066282033920288e-02,0.000000000000000000e+00
6.723619222640991211e+00,-1.422190000000000121e-01,3.069990000000000219e-01,-1.559878000000000098e+00,-3.300000000000000253e-05,-1.181459000000000037e+00,-1.699999999999999987e-05,0.000000000000000000e+00,1.611648321151733398e+00,-2.895990753173828125e+01,-1.711503219604492188e+01,-2.256645858287811279e-01,-4.952964782714843750e-01,6.442066282033920288e-02,0.000000000000000000e+00
6.774092197418212891e+00,-1.790629999999999999e-01,3.222450000000000037e-01,-1.485201999999999911e+00,-3.300000000000000253e-05,-1.181480000000000086e+00,-1.699999999999999987e-05,0.000000000000000000e+00,2.184574604034423828e+00,-2.680513381958007812e+01,-1.728116226196289062e+01,-3.597755432128906250e-01,-1.242869138717651367e+00,7.954909652471542358e-02,0.000000000000000000e+00
6.824204206466674805e+00,-1.790629999999999999e-01,3.222450000000000037e-01,-1.485201999999999911e+00,-3.300000000000000253e-05,-1.181480000000000086e+00,-1.699999999999999987e-05,0.000000000000000000e+00,2.184574604034423828e+00,-2.680513381958007812e+01,-1.728116226196289062e+01,-3.597755432128906250e-01,-1.242869138717651367e+00,7.954909652471542358e-02,0.000000000000000000e+00
6.874321699142456055e+00,-1.790629999999999999e-01,3.222450000000000037e-01,-1.485201999999999911e+00,-3.300000000000000253e-05,-1.181480000000000086e+00,-1.699999999999999987e-05,0.000000000000000000e+00,2.184574604034423828e+00,-2.680513381958007812e+01,-1.728116226196289062e+01,-3.597755432128906250e-01,-1.242869138717651367e+00,7.954909652471542358e-02,0.000000000000000000e+00
6.924438238143920898e+00,-1.790629999999999999e-01,3.222450000000000037e-01,-1.485201999999999911e+00,-3.300000000000000253e-05,-1.181480000000000086e+00,-1.699999999999999987e-05,0.000000000000000000e+00,2.184574604034423828e+00,-2.680513381958007812e+01,-1.728116226196289062e+01,-3.597755432128906250e-01,-1.242869138717651367e+00,7.954909652471542358e-02,0.000000000000000000e+00
6.974560499191284180e+00,-2.179629999999999901e-01,3.537589999999999901e-01,-1.378260999999999958e+00,-3.300000000000000253e-05,-1.181478000000000028e+00,-1.699999999999999987e-05,0.000000000000000000e+00,7.014804482460021973e-01,-3.088695907592773438e+01,-1.905383491516113281e+01,-2.000188827514648438e-01,-2.234993457794189453e+00,1.125466227531433105e-01,0.000000000000000000e+00
7.024677753448486328e+00,-2.179629999999999901e-01,3.537589999999999901e-01,-1.378260999999999958e+00,-3.300000000000000253e-05,-1.181478000000000028e+00,-1.699999999999999987e-05,0.000000000000000000e+00,7.014804482460021973e-01,-3.088695907592773438e+01,-1.905383491516113281e+01,-2.000188827514648438e-01,-2.234993457794189453e+00,1.125466227531433105e-01,0.000000000000000000e+00
7.074796438217163086e+00,-2.179629999999999901e-01,3.537589999999999901e-01,-1.378260999999999958e+00,-3.300000000000000253e-05,-1.181478000000000028e+00,-1.699999999999999987e-05,0.000000000000000000e+00,7.014804482460021973e-01,-3.088695907592773438e+01,-1.905383491516113281e+01,-2.000188827514648438e-01,-2.234993457794189453e+00,1.125466227531433105e-01,0.000000000000000000e+00
7.124914884567260742e+00,-2.179629999999999901e-01,3.537589999999999901e-01,-1.378260999999999958e+00,-3.300000000000000253e-05,-1.181478000000000028e+00,-1.699999999999999987e-05,0.000000000000000000e+00,7.014804482460021973e-01,-3.088695907592773438e+01,-1.905383491516113281e+01,-2.000188827514648438e-01,-2.234993457794189453e+00,1.125466227531433105e-01,0.000000000000000000e+00
7.175042867660522461e+00,-2.657349999999999990e-01,3.751559999999999895e-01,-1.285369999999999902e+00,-3.300000000000000253e-05,-1.181470000000000020e+00,-1.699999999999999987e-05,0.000000000000000000e+00,9.644075036048889160e-01,-3.014166831970214844e+01,-1.880504035949707031e+01,-2.193529129028320312e+00,-1.733563899993896484e+00,6.594903022050857544e-02,0.000000000000000000e+00
7.225508451461791992e+00,-2.657349999999999990e-01,3.751559999999999895e-01,-1.285369999999999902e+00,-3.300000000000000253e-05,-1.181470000000000020e+00,-1.699999999999999987e-05,0.000000000000000000e+00,9.644075036048889160e-01,-3.014166831970214844e+01,-1.880504035949707031e+01,-2.193529129028320312e+00,-1.733563899993896484e+00,6.594903022050857544e-02,0.000000000000000000e+00
7.275623083114624023e+00,-2.657349999999999990e-01,3.751559999999999895e-01,-1.285369999999999902e+00,-3.300000000000000253e-05,-1.181470000000000020e+00,-1.699999999999999987e-05,0.000000000000000000e+00,9.644075036048889160e-01,-3.014166831970214844e+01,-1.880504035949707031e+01,-2.193529129028320312e+00,-1.733563899993896484e+00,6.594903022050857544e-02,0.000000000000000000e+00
7.326046705245971680e+00,-2.825710000000000166e-01,3.858809999999999740e-01,-1.161102999999999996e+00,-3.300000000000000253e-05,-1.181359000000000048e+00,-1.699999999999999987e-05,0.000000000000000000e+00,-2.708100080490112305e+00,-2.472480010986328125e+01,-1.870935249328613281e+01,-7.001865655183792114e-02,-2.830287933349609375e+00,1.142957434058189392e-01,0.000000000000000000e+00
7.376161575317382812e+00,-2.825710000000000166e-01,3.858809999999999740e-01,-1.161102999999999996e+00,-3.300000000000000253e-05,-1.181359000000000048e+00,-1.699999999999999987e-05,0.000000000000000000e+00,-2.708100080490112305e+00,-2.472480010986328125e+01,-1.870935249328613281e+01,-7.001865655183792114e-02,-2.830287933349609375e+00,1.142957434058189392e-01,0.000000000000000000e+00
7.426285266876220703e+00,-2.825710000000000166e-01,3.858809999999999740e-01,-1.161102999999999996e+00,-3.300000000000000253e-05,-1.181359000000000048e+00,-1.699999999999999987e-05,0.000000000000000000e+00,-2.708100080490112305e+00,-2.472480010986328125e+01,-1.870935249328613281e+01,-7.001865655183792114e-02,-2.830287933349609375e+00,1.142957434058189392e-01,0.000000000000000000e+00
7.476400375366210938e+00,-2.825710000000000166e-01,3.858809999999999740e-01,-1.161102999999999996e+00,-3.300000000000000253e-05,-1.181359000000000048e+00,-1.699999999999999987e-05,0.000000000000000000e+00,-2.708100080490112305e+00,-2.472480010986328125e+01,-1.870935249328613281e+01,-7.001865655183792114e-02,-2.830287933349609375e+00,1.142957434058189392e-01,0.000000000000000000e+00
7.526503562927246094e+00,-2.819300000000000139e-01,3.897689999999999766e-01,-1.027630999999999961e+00,-3.300000000000000253e-05,-1.181257000000000001e+00,-1.699999999999999987e-05,0.000000000000000000e+00,-3.446654677391052246e-01,-2.567340087890625000e+01,-1.809104537963867188e+01,-5.385190621018409729e-02,-1.491963028907775879e+00,2.057681083679199219e-01,0.000000000000000000e+00
7.576614618301391602e+00,-2.819300000000000139e-01,3.897689999999999766e-01,-1.027630999999999961e+00,-3.300000000000000253e-05,-1.181257000000000001e+00,-1.699999999999999987e-05,0.000000000000000000e+00,-3.446654677391052246e-01,-2.567340087890625000e+01,-1.809104537963867188e+01,-5.385190621018409729e-02,-1.491963028907775879e+00,2.057681083679199219e-01,0.000000000000000000e+00
7.626726388931274414e+00,-2.819300000000000139e-01,3.897689999999999766e-01,-1.027630999999999961e+00,-3.300000000000000253e-05,-1.181257000000000001e+00,-1.699999999999999987e-05,0.000000000000000000e+00,-3.446654677391052246e-01,-2.567340087890625000e+01,-1.809104537963867188e+01,-5.385190621018409729e-02,-1.491963028907775879e+00,2.057681083679199219e-01,0.000000000000000000e+00
7.676872014999389648e+00,-2.819300000000000139e-01,3.897689999999999766e-01,-1.027630999999999961e+00,-3.300000000000000253e-05,-1.181257000000000001e+00,-1.699999999999999987e-05,0.000000000000000000e+00,-3.446654677391052246e-01,-2.567340087890625000e+01,-1.809104537963867188e+01,-5.385190621018409729e-02,-1.491963028907775879e+00,2.057681083679199219e-01,0.000000000000000000e+00
7.726960659027099609e+00,-2.629219999999999891e-01,3.897689999999999766e-01,-9.159129999999999772e-01,-9.600000000000000243e-05,-1.181257000000000001e+00,-1.699999999999999987e-05,0.000000000000000000e+00,1.096613612025976181e-02,-2.348550033569335938e+01,-1.750592613220214844e+01,-5.014685392379760742e-01,-3.462595224380493164e+00,1.117460355162620544e-01,0.000000000000000000e+00
7.777078151702880859e+00,-2.629219999999999891e-01,3.897689999999999766e-01,-9.159129999999999772e-01,-9.600000000000000243e-05,-1.181257000000000001e+00,-1.699999999999999987e-05,0.000000000000000000e+00,1.096613612025976181e-02,-2.348550033569335938e+01,-1.750592613220214844e+01,-5.014685392379760742e-01,-3.462595224380493164e+00,1.117460355162620544e-01,0.000000000000000000e+00
7.827199697494506836e+00,-2.629219999999999891e-01,3.897689999999999766e-01,-9.159129999999999772e-01,-9.600000000000000243e-05,-1.181257000000000001e+00,-1.699999999999999987e-05,0.000000000000000000e+00,1.096613612025976181e-02,-2.348550033569335938e+01,-1.750592613220214844e+01,-5.014685392379760742e-01,-3.462595224380493164e+00,1.117460355162620544e-01,0.000000000000000000e+00
7.877309560775756836e+00,-2.629219999999999891e-01,3.897689999999999766e-01,-9.159129999999999772e-01,-9.600000000000000243e-05,-1.181257000000000001e+00,-1.699999999999999987e-05,0.000000000000000000e+00,1.096613612025976181e-02,-2.348550033569335938e+01,-1.750592613220214844e+01,-5.014685392379760742e-01,-3.462595224380493164e+00,1.117460355162620544e-01,0.000000000000000000e+00
7.927748918533325195e+00,-1.951189999999999869e-01,3.897689999999999766e-01,-8.252620000000000511e-01,-1.190000000000000058e-04,-1.181257000000000001e+00,-1.699999999999999987e-05,0.000000000000000000e+00,3.341685831546783447e-01,-2.267460060119628906e+01,-1.530918693542480469e+01,7.038000226020812988e-01,-2.814384698867797852e+00,6.174135208129882812e-01,0.000000000000000000e+00
7.977847814559936523e+00,-1.951189999999999869e-01,3.897689999999999766e-01,-8.252620000000000511e-01,-1.190000000000000058e-04,-1.181257000000000001e+00,-1.699999999999999987e-05,0.000000000000000000e+00,3.341685831546783447e-01,-2.267460060119628906e+01,-1.530918693542480469e+01,7.038000226020812988e-01,-2.814384698867797852e+00,6.174135208129882812e-01,0.000000000000000000e+00
8.027941942214965820e+00,-1.951189999999999869e-01,3.897689999999999766e-01,-8.252620000000000511e-01,-1.190000000000000058e-04,-1.181257000000000001e+00,-1.699999999999999987e-05,0.000000000000000000e+00,3.341685831546783447e-01,-2.267460060119628906e+01,-1.530918693542480469e+01,7.038000226020812988e-01,-2.814384698867797852e+00,6.174135208129882812e-01,0.000000000000000000e+00
8.078071594238281250e+00,-1.951189999999999869e-01,3.897689999999999766e-01,-8.252620000000000511e-01,-1.190000000000000058e-04,-1.181257000000000001e+00,-1.699999999999999987e-05,0.000000000000000000e+00,3.341685831546783447e-01,-2.267460060119628906e+01,-1.530918693542480469e+01,7.038000226020812988e-01,-2.814384698867797852e+00,6.174135208129882812e-01,0.000000000000000000e+00
8.128171682357788086e+00,-8.986600000000000144e-02,3.897689999999999766e-01,-7.965809999999999835e-01,-1.210000000000000002e-04,-1.181257000000000001e+00,-1.699999999999999987e-05,0.000000000000000000e+00,-1.049995183944702148e+00,-2.824905014038085938e+01,-1.470647621154785156e+01,5.661000013351440430e-01,-3.606369733810424805e+00,5.767227336764335632e-02,0.000000000000000000e+00
8.178268909454345703e+00,-8.986600000000000144e-02,3.897689999999999766e-01,-7.965809999999999835e-01,-1.210000000000000002e-04,-1.181257000000000001e+00,-1.699999999999999987e-05,0.000000000000000000e+00,-1.049995183944702148e+00,-2.824905014038085938e+01,-1.470647621154785156e+01,5.661000013351440430e-01,-3.606369733810424805e+00,5.767227336764335632e-02,0.000000000000000000e+00
8.228384971618652344e+00,-8.986600000000000144e-02,3.897689999999999766e-01,-7.965809999999999835e-01,-1.210000000000000002e-04,-1.181257000000000001e+00,-1.699999999999999987e-05,0.000000000000000000e+00,-1.049995183944702148e+00,-2.824905014038085938e+01,-1.470647621154785156e+01,5.661000013351440430e-01,-3.606369733810424805e+00,5.767227336764335632e-02,0.000000000000000000e+00
8.279045820236206055e+00,-8.986600000000000144e-02,3.897689999999999766e-01,-7.965809999999999835e-01,-1.210000000000000002e-04,-1.181257000000000001e+00,-1.699999999999999987e-05,0.000000000000000000e+00,-1.049995183944702148e+00,-2.824905014038085938e+01,-1.470647621154785156e+01,5.661000013351440430e-01,-3.606369733810424805e+00,5.767227336764335632e-02,0.000000000000000000e+00
8.329150438308715820e+00,3.529899999999999705e-02,3.897689999999999766e-01,-7.962050000000000516e-01,-1.210000000000000002e-04,-1.181257000000000001e+00,-1.699999999999999987e-05,0.000000000000000000e+00,-3.894570827484130859e+00,-2.795366477966308594e+01,-1.486066722869873047e+01,1.886824220418930054e-01,-3.617957115173339844e+00,1.096357107162475586e-01,0.000000000000000000e+00
8.379271984100341797e+00,3.529899999999999705e-02,3.897689999999999766e-01,-7.962050000000000516e-01,-1.210000000000000002e-04,-1.181257000000000001e+00,-1.699999999999999987e-05,0.000000000000000000e+00,-3.894570827484130859e+00,-2.795366477966308594e+01,-1.486066722869873047e+01,1.886824220418930054e-01,-3.617957115173339844e+00,1.096357107162475586e-01,0.000000000000000000e+00
8.429417610168457031e+00,3.529899999999999705e-02,3.897689999999999766e-01,-7.962050000000000516e-01,-1.210000000000000002e-04,-1.181257000000000001e+00,-1.699999999999999987e-05,0.000000000000000000e+00,-3.894570827484130859e+00,-2.795366477966308594e+01,-1.486066722869873047e+01,1.886824220418930054e-01,-3.617957115173339844e+00,1.096357107162475586e-01,0.000000000000000000e+00
8.479519605636596680e+00,3.529899999999999705e-02,3.897689999999999766e-01,-7.962050000000000516e-01,-1.210000000000000002e-04,-1.181257000000000001e+00,-1.699999999999999987e-05,0.000000000000000000e+00,-3.894570827484130859e+00,-2.795366477966308594e+01,-1.486066722869873047e+01,1.886824220418930054e-01,-3.617957115173339844e+00,1.096357107162475586e-01,0.000000000000000000e+00
8.529641151428222656e+00,1.425780000000000103e-01,3.897920000000000273e-01,-7.950890000000000457e-01,-1.210000000000000002e-04,-1.181246000000000018e+00,-1.699999999999999987e-05,0.000000000000000000e+00,-2.882249593734741211e+00,-2.768113327026367188e+01,-1.364357948303222656e+01,3.972474813461303711e+00,-3.585287809371948242e+00,1.410533934831619263e-01,0.000000000000000000e+00
8.579753160476684570e+00,1.425780000000000103e-01,3.897920000000000273e-01,-7.950890000000000457e-01,-1.210000000000000002e-04,-1.181246000000000018e+00,-1.699999999999999987e-05,0.000000000000000000e+00,-2.882249593734741211e+00,-2.768113327026367188e+01,-1.364357948303222656e+01,3.972474813461303711e+00,-3.585287809371948242e+00,1.410533934831619263e-01,0.000000000000000000e+00
8.629867792129516602e+00,1.425780000000000103e-01,3.897920000000000273e-01,-7.950890000000000457e-01,-1.210000000000000002e-04,-1.181246000000000018e+00,-1.699999999999999987e-05,0.000000000000000000e+00,-2.882249593734741211e+00,-2.768113327026367188e+01,-1.364357948303222656e+01,3.972474813461303711e+00,-3.585287809371948242e+00,1.410533934831619263e-01,0.000000000000000000e+00
8.679990768432617188e+00,1.425780000000000103e-01,3.897920000000000273e-01,-7.950890000000000457e-01,-1.210000000000000002e-04,-1.181246000000000018e+00,-1.699999999999999987e-05,0.000000000000000000e+00,-2.882249593734741211e+00,-2.768113327026367188e+01,-1.364357948303222656e+01,3.972474813461303711e+00,-3.585287809371948242e+00,1.410533934831619263e-01,0.000000000000000000e+00
8.730080366134643555e+00,2.069920000000000093e-01,3.897920000000000273e-01,-7.950739999999999474e-01,-1.210000000000000002e-04,-1.181241999999999903e+00,-1.699999999999999987e-05,0.000000000000000000e+00,-3.182099103927612305e+00,-2.786255836486816406e+01,-1.501938152313232422e+01,3.293353617191314697e-01,-3.578822851181030273e+00,1.107443869113922119e-01,0.000000000000000000e+00
8.780193805694580078e+00,2.069920000000000093e-01,3.897920000000000273e-01,-7.950739999999999474e-01,-1.210000000000000002e-04,-1.181241999999999903e+00,-1.699999999999999987e-05,0.000000000000000000e+00,-3.182099103927612305e+00,-2.786255836486816406e+01,-1.501938152313232422e+01,3.293353617191314697e-01,-3.578822851181030273e+00,1.107443869113922119e-01,0.000000000000000000e+00
8.830320596694946289e+00,2.069920000000000093e-01,3.897920000000000273e-01,-7.950739999999999474e-01,-1.210000000000000002e-04,-1.181241999999999903e+00,-1.699999999999999987e-05,0.000000000000000000e+00,-3.182099103927612305e+00,-2.786255836486816406e+01,-1.501938152313232422e+01,3.293353617191314697e-01,-3.578822851181030273e+00,1.107443869113922119e-01,0.000000000000000000e+00
8.880440235137939453e+00,2.069920000000000093e-01,3.897920000000000273e-01,-7.950739999999999474e-01,-1.210000000000000002e-04,-1.181241999999999903e+00,-1.699999999999999987e-05,0.000000000000000000e+00,-3.182099103927612305e+00,-2.786255836486816406e+01,-1.501938152313232422e+01,3.293353617191314697e-01,-3.578822851181030273e+00,1.107443869113922119e-01,0.000000000000000000e+00
8.930538177490234375e+00,2.141569999999999863e-01,3.897920000000000273e-01,-7.950970000000000537e-01,-1.210000000000000002e-04,-1.181241999999999903e+00,-1.699999999999999987e-05,0.000000000000000000e+00,7.190999984741210938e-01,-2.794349861145019531e+01,-1.509290409088134766e+01,-3.433322161436080933e-02,-3.583384513854980469e+00,1.081217005848884583e-01,0.000000000000000000e+00
8.980671644210815430e+00,2.141569999999999863e-01,3.897920000000000273e-01,-7.950970000000000537e-01,-1.210000000000000002e-04,-1.181241999999999903e+00,-1.699999999999999987e-05,0.000000000000000000e+00,7.190999984741210938e-01,-2.794349861145019531e+01,-1.509290409088134766e+01,-3.433322161436080933e-02,-3.583384513854980469e+00,1.081217005848884583e-01,0.000000000000000000e+00
9.030779361724853516e+00,2.141569999999999863e-01,3.897920000000000273e-01,-7.950970000000000537e-01,-1.210000000000000002e-04,-1.181241999999999903e+00,-1.699999999999999987e-05,0.000000000000000000e+00,7.190999984741210938e-01,-2.794349861145019531e+01,-1.509290409088134766e+01,-3.433322161436080933e-02,-3.583384513854980469e+00,1.081217005848884583e-01,0.000000000000000000e+00
9.080883741378784180e+00,2.141569999999999863e-01,3.897920000000000273e-01,-7.950970000000000537e-01,-1.210000000000000002e-04,-1.181241999999999903e+00,-1.699999999999999987e-05,0.000000000000000000e+00,7.190999984741210938e-01,-2.794349861145019531e+01,-1.509290409088134766e+01,-3.433322161436080933e-02,-3.583384513854980469e+00,1.081217005848884583e-01,0.000000000000000000e+00
9.130979776382446289e+00,2.141399999999999970e-01,3.897900000000000253e-01,-7.950990000000000002e-01,-1.210000000000000002e-04,-1.181241999999999903e+00,-1.699999999999999987e-05,0.000000000000000000e+00,1.291779838483236517e-17,-2.086919975280761719e+01,-1.503786087036132812e+01,-3.411211445927619934e-02,-3.576969146728515625e+00,1.077989190816879272e-01,0.000000000000000000e+00
9.181089639663696289e+00,2.141399999999999970e-01,3.897900000000000253e-01,-7.950990000000000002e-01,-1.210000000000000002e-04,-1.181241999999999903e+00,-1.699999999999999987e-05,0.000000000000000000e+00,1.291779838483236517e-17,-2.086919975280761719e+01,-1.503786087036132812e+01,-3.411211445927619934e-02,-3.576969146728515625e+00,1.077989190816879272e-01,0.000000000000000000e+00
9.231206178665161133e+00,2.141399999999999970e-01,3.897900000000000253e-01,-7.950990000000000002e-01,-1.210000000000000002e-04,-1.181241999999999903e+00,-1.699999999999999987e-05,0.000000000000000000e+00,1.291779838483236517e-17,-2.086919975280761719e+01,-1.503786087036132812e+01,-3.411211445927619934e-02,-3.576969146728515625e+00,1.077989190816879272e-01,0.000000000000000000e+00
9.281323432922363281e+00,2.141399999999999970e-01,3.897900000000000253e-01,-7.950990000000000002e-01,-1.210000000000000002e-04,-1.181241999999999903e+00,-1.699999999999999987e-05,0.000000000000000000e+00,1.291779838483236517e-17,-2.086919975280761719e+01,-1.503786087036132812e+01,-3.411211445927619934e-02,-3.576969146728515625e+00,1.077989190816879272e-01,0.000000000000000000e+00
9.331443071365356445e+00,2.141089999999999938e-01,3.897900000000000253e-01,-7.950990000000000002e-01,-1.210000000000000002e-04,-1.181184000000000012e+00,-1.699999999999999987e-05,0.000000000000000000e+00,-5.235779099166393280e-04,-2.077739906311035156e+01,-1.500911235809326172e+01,-3.392383828759193420e-02,-3.549994707107543945e+00,1.071447655558586121e-01,0.000000000000000000e+00
9.381560564041137695e+00,2.141089999999999938e-01,3.897900000000000253e-01,-7.950990000000000002e-01,-1.210000000000000002e-04,-1.181184000000000012e+00,-1.699999999999999987e-05,0.000000000000000000e+00,-5.235779099166393280e-04,-2.077739906311035156e+01,-1.500911235809326172e+01,-3.392383828759193420e-02,-3.549994707107543945e+00,1.071447655558586121e-01,0.000000000000000000e+00
9.431950807571411133e+00,2.141089999999999938e-01,3.897900000000000253e-01,-7.950990000000000002e-01,-1.210000000000000002e-04,-1.181184000000000012e+00,-1.699999999999999987e-05,0.000000000000000000e+00,-5.235779099166393280e-04,-2.077739906311035156e+01,-1.500911235809326172e+01,-3.392383828759193420e-02,-3.549994707107543945e+00,1.071447655558586121e-01,0.000000000000000000e+00
9.482076883316040039e+00,2.141089999999999938e-01,3.897900000000000253e-01,-7.950990000000000002e-01,-1.210000000000000002e-04,-1.181184000000000012e+00,-1.699999999999999987e-05,0.000000000000000000e+00,-5.235779099166393280e-04,-2.077739906311035156e+01,-1.500911235809326172e+01,-3.392383828759193420e-02,-3.549994707107543945e+00,1.071447655558586121e-01,0.000000000000000000e+00
9.532199382781982422e+00,2.141089999999999938e-01,3.900109999999999966e-01,-7.884660000000000002e-01,-1.210000000000000002e-04,-1.140970999999999957e+00,-1.699999999999999987e-05,0.000000000000000000e+00,-1.418962702155113220e-02,-2.593825531005859375e+01,-1.364812278747558594e+01,-2.954399026930332184e-02,-3.236586809158325195e+00,9.456081688404083252e-02,0.000000000000000000e+00
9.582329750061035156e+00,2.141089999999999938e-01,3.900109999999999966e-01,-7.884660000000000002e-01,-1.210000000000000002e-04,-1.140970999999999957e+00,-1.699999999999999987e-05,0.000000000000000000e+00,-1.418962702155113220e-02,-2.593825531005859375e+01,-1.364812278747558594e+01,-2.954399026930332184e-02,-3.236586809158325195e+00,9.456081688404083252e-02,0.000000000000000000e+00
9.632470130920410156e+00,2.141089999999999938e-01,3.900109999999999966e-01,-7.884660000000000002e-01,-1.210000000000000002e-04,-1.140970999999999957e+00,-1.699999999999999987e-05,0.000000000000000000e+00,-1.418962702155113220e-02,-2.593825531005859375e+01,-1.364812278747558594e+01,-2.954399026930332184e-02,-3.236586809158325195e+00,9.456081688404083252e-02,0.000000000000000000e+00
9.682586193084716797e+00,2.141089999999999938e-01,3.900109999999999966e-01,-7.884660000000000002e-01,-1.210000000000000002e-04,-1.140970999999999957e+00,-1.699999999999999987e-05,0.000000000000000000e+00,-1.418962702155113220e-02,-2.593825531005859375e+01,-1.364812278747558594e+01,-2.954399026930332184e-02,-3.236586809158325195e+00,9.456081688404083252e-02,0.000000000000000000e+00
9.733025550842285156e+00,2.141089999999999938e-01,3.992240000000000233e-01,-7.534049999999999914e-01,-1.210000000000000002e-04,-9.769409999999999483e-01,-1.699999999999999987e-05,0.000000000000000000e+00,-1.319366507232189178e-02,-2.563879013061523438e+01,-1.354408073425292969e+01,-3.026563860476016998e-02,-3.743571996688842773e+00,9.443822503089904785e-02,0.000000000000000000e+00
9.783128976821899414e+00,2.141089999999999938e-01,3.992240000000000233e-01,-7.534049999999999914e-01,-1.210000000000000002e-04,-9.769409999999999483e-01,-1.699999999999999987e-05,0.000000000000000000e+00,-1.319366507232189178e-02,-2.563879013061523438e+01,-1.354408073425292969e+01,-3.026563860476016998e-02,-3.743571996688842773e+00,9.443822503089904785e-02,0.000000000000000000e+00
9.833250284194946289e+00,2.141089999999999938e-01,3.992240000000000233e-01,-7.534049999999999914e-01,-1.210000000000000002e-04,-9.769409999999999483e-01,-1.699999999999999987e-05,0.000000000000000000e+00,-1.319366507232189178e-02,-2.563879013061523438e+01,-1.354408073425292969e+01,-3.026563860476016998e-02,-3.743571996688842773e+00,9.443822503089904785e-02,0.000000000000000000e+00
9.883373022079467773e+00,2.141089999999999938e-01,3.992240000000000233e-01,-7.534049999999999914e-01,-1.210000000000000002e-04,-9.769409999999999483e-01,-1.699999999999999987e-05,0.000000000000000000e+00,-1.319366507232189178e-02,-2.563879013061523438e+01,-1.354408073425292969e+01,-3.026563860476016998e-02,-3.743571996688842773e+00,9.443822503089904785e-02,0.000000000000000000e+00
9.933475494384765625e+00,2.141089999999999938e-01,4.095980000000000176e-01,-7.070999999999999508e-01,-1.210000000000000002e-04,-8.289210000000000189e-01,-1.699999999999999987e-05,0.000000000000000000e+00,1.038064155727624893e-02,-2.293470001220703125e+01,-1.471750068664550781e+01,-2.627397328615188599e-02,-4.433776378631591797e+00,9.676337987184524536e-02,0.000000000000000000e+00
9.983606100082397461e+00,2.141089999999999938e-01,4.095980000000000176e-01,-7.070999999999999508e-01,-1.210000000000000002e-04,-8.289210000000000189e-01,-1.699999999999999987e-05,0.000000000000000000e+00,1.038064155727624893e-02,-2.293470001220703125e+01,-1.471750068664550781e+01,-2.627397328615188599e-02,-4.433776378631591797e+00,9.676337987184524536e-02,0.000000000000000000e+00
